{
    "shoppingCart": [
    {
    "title": "Smart Watch",
    "price": "999",
    "imageSource": "https://media.kohlsimg.com/is/image/kohls/4206333_Eden_Dot?wid=180&hei=180&op_sharpen=1",
    "skuId" :"IXA1",
    "quantity": 1
    },
    {
    "title": "Women's Nike Sportswear Fleece Funnel-Neck Top",
    "price": "99.9",
    "imageSource": "https://media.kohlsimg.com/is/image/kohls/4206333_Eden_Dot?wid=180&hei=180&op_sharpen=1",
    "skuId" :"IXA2",
    "quantity": 1
    },
    {
    "title": "Women's Nike Sportswear Fleece Funnel-Neck Top",
    "price": "99.9",
    "imageSource": "https://media.kohlsimg.com/is/image/kohls/4206333_Eden_Dot?wid=180&hei=180&op_sharpen=1",
    "skuId" :"IXA3",
    "quantity": 1
    },
    {
    "title": "Dreess",
    "price": "99.9",
    "imageSource": "https://media.kohlsimg.com/is/image/kohls/4206333_Eden_Dot?wid=180&hei=180&op_sharpen=1",
    "skuId" :"IXA4",
    "quantity": 1
    },
    {
    "title": "Women's Nike Sportswear Fleece Funnel-Neck Top",
    "price": "99.9",
    "imageSource": "https://media.kohlsimg.com/is/image/kohls/4206333_Eden_Dot?wid=180&hei=180&op_sharpen=1",
    "skuId" :"IXA5",
    "quantity": 1
    }
]
}