{
    "sections":[
        {
            "title":"Orders",
            "items":[
                {
                    "text": "My account"
                },
                {
                    "text": "Delivery"
                },
                {
                    "text": "Policy"
                }
            ]
        },
        {
            "title":"Help",
            "items":[
                {
                    "text": "Customer service"
                },
                {
                    "text": "Size guide"
                },
                {
                    "text": "Contact us"
                }
            ]
        },
        {
            "title":"About us",
            "items":[
                {
                    "text": "About us (Magento CMS)"
                },
                {
                    "text": "About us (Magento CMS)"
                },
                {
                    "text": "Store locator"
                }
            ]
        }
    ]
}