{
    "numFound": 4912,
    "start": 0,
    "requestKeyword": null,
    "solrQueryTime": 162,
    "resultPage": [
        {
            "title": "Redesign Printed Women's Jumpsuit",
            "department": "Clothing",
            "category": "Women's Clothing",
            "brand": "Redesign",
            "product": "Western Wear",
            "productUrl": "/images/resize_images/rd-js-705-redesign-xxl-original-imaejf8zyf9sh5ag.jpeg",
            "bestSeller": 1,
            "featured": 0,
            "availableColors": [
                "Blue"
            ],
            "gender": [
                "Women"
            ],
            "variants": null,
            "price": [
                599.0
            ],
            "images": [
                "/images/resize_images/rd-js-705-redesign-xxl-original-imaejf9ytbyqxqqv.jpeg",
                "/images/resize_images/rd-js-705-redesign-xxl-original-imaejf8zyf9sh5ag.jpeg",
                "/images/resize_images/rd-js-705-redesign-xxl-original-imaejf9yvmyajgyg.jpeg",
                "/images/resize_images/rd-js-705-redesign-l-original-imaejf8zjwba5nhd.jpeg",
                "/images/resize_images/rd-js-705-redesign-l-original-imaejf9y6kfnu8zv.jpeg",
                "/images/resize_images/rd-js-705-redesign-xxl-original-imaejf8zyf9sh5ag.jpeg"
            ],
            "productCode": "2305"
        },
        {
            "title": "Beebay Striped Boy's Polo Blue T-Shirt",
            "department": "Clothing",
            "category": "Kids' Clothing",
            "brand": "Beebay",
            "product": "Boys Wear",
            "productUrl": "/images/resize_images/161302-beebay-11-12-years-original-imaegjaf6e9chc4j.jpeg",
            "bestSeller": 0,
            "featured": 0,
            "availableColors": null,
            "gender": [
                "Boy"
            ],
            "variants": null,
            "price": [
                795.0
            ],
            "images": [
                "/images/resize_images/161302-beebay-11-12-years-original-imaegjaf6e9chc4j.jpeg",
                "/images/resize_images/161302-beebay-9-10-years-original-imaegjafngzwyygh.jpeg",
                "/images/resize_images/161302-beebay-11-12-years-original-imaegjaf6e9chc4j.jpeg",
                "/images/resize_images/161302-beebay-11-12-years-original-imaegjaf38hawjfk.jpeg"
            ],
            "productCode": "2304"
        }
    ]
}