{
  "categories": [

    {
      "url": "/catalog/78e3b729-c59c-4f2a-aea3-7cbfdf91e710",
      "name": "Men",
      "subCatagory": [
        {
          "name": "Coats & Jackets",
          "url": "/search/a817a265-4f26-4817-86f3-d5cf9d75d381"
        },
        {
          "name": "Dress Shirts",
          "url": "/search/7a6cab13-16a9-4e78-aaad-fa34c70aa677"
        },
        {
          "name": "Graphic Tees",
          "url": "/search/9d77105e-e4bd-4acd-8c1f-cfe53f37b339"
        },
        {
          "name": "Hoodies & Sweatshirts",
          "url": "/search/49090fb0-58db-4667-903c-6441fdc9e98a"
        },
        {
          "name": "Jeans",
          "url": "/search/d2129eef-3347-44c0-8db2-f4bbb4f907b6"
        },
        {
          "name": "Outdoor Clothing",
          "url": "/search/8136fe95-14ee-4996-ac83-b4a19652b3b6"
        },
        {
          "name": "Pajamas & Robes",
          "url": "/search/b108946c-af45-4642-8b94-0b045bdf3157"
        },
        {
          "name": "Pants & Joggers",
          "url": "/search/1de1b013-92aa-4aff-874e-60f9f6c841bc"
        },
        {
          "name": "Polos",
          "url": "/search/dcc0a657-ead2-43e1-bd4a-779849681b13"
        },
        {
          "name": "Shirts & Tees",
          "url": "/search/3e892df9-a498-4038-8cde-945151a1c283"
        }
      ]
    },

    {
      "url": "/catalog/0bc038d9-e19e-4a73-81c7-343b067c2797",
      "name": "kids",
      "subCatagory": [
        {
          "name": "All Bed & Bath",
          "url": "/catalog/a517c05b-abaa-41bc-8ace-f37d2fe45928"
        },
        {
          "name": "Bath",
          "url": "/catalog/287f13d1-eaa8-4f55-a023-239e36e2ccf8"
        },
        {
          "name": "Bed in a Bag",
          "url": "/catalog/2bf568cf-1776-4db8-a9eb-f4f82fa3273a"
        },
        {
          "name": "Bedding Collections",
          "url": "/catalog/b2877c76-b27e-433d-9f52-435696d39d3d"
        },
        {
          "name": "Comforters",
          "url": "/catalog/c4b49528-9215-4b57-a580-788bed7507a8"
        },
        {
          "name": "Sheets & Pillowcases",
          "url": "/catalog/e4c95417-7d7e-4b2f-a07b-a39e27313b31"
        },
        {
          "name": "All Furniture",
          "url": "/catalog/501adba5-ff19-4b8d-8d38-a37f631dfa40"
        },
        {
          "name": "Area Rugs",
          "url": "/catalog/fa601806-60b8-4fa0-aea7-c8fb217a4a8a"
        },
        {
          "name": "Beds & Headboards",
          "url": "/catalog/96536f22-ce6d-4145-be1d-aa6d29f13368"
        },
        {
          "name": "Couches & Sofas",
          "url": "/catalog/624daf58-53ae-4665-91a0-cd8c580c45b7"
        }
      ]
    },
    {
      "url": "/catalog/a84a60a5-60f0-40b4-a3fa-8973cc009d6c",
      "name": "Womens",
      "subCatagory": [
        {
          "name": "Shop All NHL",
          "url": "/search/fdfb8a61-6f2a-4332-9bec-bf1a1c12f2a7"
        },
        {
          "name": "Chicago Blackhawks",
          "url": "/search/f8e59266-4284-4fb6-8a6a-8cdcef748c9f"
        },
        {
          "name": "New York Rangers",
          "url": "/search/66dd8741-12ea-46eb-b924-ca522fe2b902"
        },
        {
          "name": "Vegas Golden Knights",
          "url": "/search/f5a71a50-82a7-44bd-83cb-53aa4c560607"
        },
        {
          "name": "Seattle Seahawks",
          "url": "/search/30f4353e-53c4-4e62-adc1-3f8a1a5a0bdb"
        },
        {
          "name": "Dallas Cowboys",
          "url": "/search/c00d37b8-8253-4def-9403-6cd52095ba55"
        },
        {
          "name": "Pittsburgh Steelers",
          "url": "/search/a436ae2a-d07d-4d85-98b6-e9a75fdc4c82"
        },
        {
          "name": "Philadelphia Eagles",
          "url": "/search/5deb1dd0-ac54-430b-a15d-9176b69f9ecf"
        },
        {
          "name": "San Francisco 49ers",
          "url": "/search/9b24026a-749c-44e9-b5ce-13c106a9055c"
        },
        {
          "name": "Oakland Raiders",
          "url": "/search/7b8a5f4e-0871-454a-be27-f236552e5200"
        }
      ]
    }
  ],
  "recentSearchItems": [
    {
      "name": "Coats & Jackets",
      "url": "/search/a817a265-4f26-4817-86f3-d5cf9d75d381"
    },
    {
      "name": "Dress Shirts",
      "url": "/search/7a6cab13-16a9-4e78-aaad-fa34c70aa677"
    },
    {
      "name": "Graphic Tees",
      "url": "/search/9d77105e-e4bd-4acd-8c1f-cfe53f37b339"
    },
    {
      "name": "Hoodies & Sweatshirts",
      "url": "/search/49090fb0-58db-4667-903c-6441fdc9e98a"
    },
    {
      "name": "Jeans",
      "url": "/search/d2129eef-3347-44c0-8db2-f4bbb4f907b6"
    },
    {
      "name": "Outdoor Clothing",
      "url": "/search/8136fe95-14ee-4996-ac83-b4a19652b3b6"
    },
    {
      "name": "Pajamas & Robes",
      "url": "/search/b108946c-af45-4642-8b94-0b045bdf3157"
    },
    {
      "name": "Pants & Joggers",
      "url": "/search/1de1b013-92aa-4aff-874e-60f9f6c841bc"
    },
    {
      "name": "Polos",
      "url": "/search/dcc0a657-ead2-43e1-bd4a-779849681b13"
    },
    {
      "name": "Shirts & Tees",
      "url": "/search/3e892df9-a498-4038-8cde-945151a1c283"
    }
  ],
  "cartItems": []
}
