{
  "data": {
    "title": "Subcategory #3",
    "page": "Subcategory",
    "description": "This is the description for subcategory 3.",
    "breadcrumbs": [
      {
        "active": false,
        "link": "/all",
        "linkName": "All"
      },
      {
        "active": false,
        "link": "/Women",
        "linkName": "Women"
      },
      {
        "active": false,
        "link": "/tops",
        "linkName": "Tops"
      }
    ],

    "slides": [
      {
        "backgroundImages": {
          "desktop": "/images/carousel-01-desktop.jpeg",
          "tablet": "/images/carousel-01-tablet.jpeg",
          "mobile": "/images/carousel-01-mobile.jpeg"
        },
        "title": "CHOOSE",
        "description": "YOUR PATH.",
        "actionText": "Shop outdoor casual",
        "actionUrl": "/search",
        "textAlign": "Left",
        "fontColor": "#fff"
      },
      {
        "backgroundImages": {
          "desktop": "https://images.unsplash.com/photo-1512436991641-6745cdb1723f?ixlib=rb-1.2.1&ixid=eyJhcHBfaWQiOjEyMDd9&auto=format&fit=crop&w=1332&h=550&q=80",
          "tablet": "https://images.unsplash.com/photo-1512436991641-6745cdb1723f?ixlib=rb-1.2.1&ixid=eyJhcHBfaWQiOjEyMDd9&auto=format&fit=crop&w=690&h=463&q=80",
          "mobile": "https://images.unsplash.com/photo-1512436991641-6745cdb1723f?ixlib=rb-1.2.1&ixid=eyJhcHBfaWQiOjEyMDd9&auto=format&fit=crop&w=414&h=485&q=80"
        },
        "title": "MOST",
        "description": "LOVED STYLES.",
        "actionText": "GET IT",
        "actionUrl": "/search",
        "textAlign": "Left",
        "fontColor": "#fff"
      },
      {
        "backgroundImages": {
          "desktop": "https://images.unsplash.com/photo-1546672657-168c53521a5f?ixlib=rb-1.2.1&ixid=eyJhcHBfaWQiOjEyMDd9&auto=format&fit=crop&w=1332&h=550&q=80",
          "tablet": "https://images.unsplash.com/photo-1546672657-168c53521a5f?ixlib=rb-1.2.1&ixid=eyJhcHBfaWQiOjEyMDd9&auto=format&fit=crop&w=690&h=463&q=80",
          "mobile": "https://images.unsplash.com/photo-1546672657-168c53521a5f?ixlib=rb-1.2.1&ixid=eyJhcHBfaWQiOjEyMDd9&auto=format&fit=crop&w=414&h=485&q=80"
        },
        "title": "NICE TO MEET",
        "description": "NEW",
        "actionText": "Shop Now",
        "actionUrl": "/search",
        "textAlign": "Left",
        "fontColor": "#fff"
      },
      {
        "backgroundImages": {
          "desktop": "https://images.unsplash.com/photo-1461896836934-ffe607ba8211?ixlib=rb-1.2.1&ixid=eyJhcHBfaWQiOjEyMDd9&auto=format&fit=crop&w=1332&h=550&q=80",
          "tablet": "https://images.unsplash.com/photo-1461896836934-ffe607ba8211?ixlib=rb-1.2.1&ixid=eyJhcHBfaWQiOjEyMDd9&auto=format&fit=crop&w=690&h=463&q=80",
          "mobile": "https://images.unsplash.com/photo-1461896836934-ffe607ba8211?ixlib=rb-1.2.1&ixid=eyJhcHBfaWQiOjEyMDd9&auto=format&fit=crop&w=414&h=485&q=80"
        },
        "title": "PLAY",
        "description": "WITH STYLE.",
        "actionText": "Explore Now",
        "actionUrl": "/search",
        "textAlign": "Left",
        "fontColor": "#fff"
      }
    ],
    "_comment": {
      "backgroundImages": {
        "desktop": "/images/carousel-02-desktop.jpeg",
        "tablet": "/images/carousel-02-tablet.jpeg",
        "mobile": "/images/carousel-02-mobile.jpeg"
      },
      "title": "ADVENTURE",
      "description": "AHEAD.",
      "actionText": "Shop hiking",
      "actionUrl": "/search",
      "textAlign": "Left",
      "fontColor": "#fff"
    },
    "jumbotron": [
      {
        "source": "https://columbia.scene7.com/is/image/ColumbiaSportswear2/3-2_24647_COL_US_VizNav_Mens_v1?fmt=pjpeg&scl=1",
        "title": "Office Casual",
        "description": "COLLECTION",
        "textAlign": "center",
        "fontColor": "#4f4f4f",
        "categoryUrl": "/search/category=office casual"
      },
      {
        "source": "https://columbia.scene7.com/is/image/ColumbiaSportswear2/3-2_24647_COL_US_VizNav_Womens_v2?fmt=pjpeg&scl=1",
        "title": "Womens",
        "description": "ACCESERIES",
        "textAlign": "center",
        "fontColor": "#4f4f4f",
        "categoryUrl": "/search/category=womens"
      },
      {
        "source": "https://columbia.scene7.com/is/image/ColumbiaSportswear2/3-2_24647_COL_US_VizNav_Kids_v1?fmt=pjpeg&scl=1",
        "title": "Kids",
        "description": "HATS",
        "textAlign": "center",
        "fontColor": "#4f4f4f",
        "categoryUrl": "/search/category=kids"
      },
      {
        "source": "https://columbia.scene7.com/is/image/ColumbiaSportswear2/3-2_24647_COL_US_VizNav_Footwear_v0?fmt=pjpeg&scl=1",
        "title": "Footwear",
        "description": "HATS",
        "textAlign": "center",
        "fontColor": "#4f4f4f",
        "categoryUrl": "/search/category=footwear"
      }
    ],
    "singleBannerItem": [
      {
        "source": "https://columbia.scene7.com/is/image/ColumbiaSportswear2/03-31_25300_COL_US_SPR20_TougherTogether_Banner_v0_D?fmt=pjpeg&scl=1",
        "title": "Into the wild ",
        "description": "We want to get out there as much as you do. But for now, it’s best to stay home and stay healthy. By being apart, we’re closer than ever. Let’s use this time to share our stories and memories. Or to plan new adventures, trusting that they will come soon.",
        "secondaryImage" : "https://columbia.scene7.com/is/image/ColumbiaSportswear2/03-31_25300_COL_US_SPR20_TougherTogether_Banner_v0_M?fmt=pjpeg&scl=1"

      }

    ],
    "secondpListing": [
      {
        "source": "//i5.walmartimages.com/dfw/4ff9c6c9-946a/k2-_c3794713-0da8-4efc-889e-164fa1d64ae8.v1.jpg?odnWidth=282&odnHeight=282&odnBg=ffffff",
        "title": "Shop umbrella strollers ›",
        "description": "COLLECTION",
        "textAlign": "center",
        "fontColor": "#4f4f4f",
        "categoryUrl": "/search/category=Womens Casual"
      },
      {
        "source": "//i5.walmartimages.com/dfw/4ff9c6c9-5f69/k2-_62fcf484-41e3-49bd-8437-39bf336cfd1a.v1.jpg?odnWidth=282&odnHeight=282&odnBg=ffffff",
        "title": "Light-Weight strollers ›",
        "description": "ACCESERIES",
        "textAlign": "center",
        "fontColor": "#4f4f4f",
        "categoryUrl": "/search/category=Acceseries"
      },
      {
        "source": "//i5.walmartimages.com/dfw/4ff9c6c9-d1c7/k2-_631250c3-053d-41d7-96d2-34b12cf3a9c8.v1.jpg?odnWidth=282&odnHeight=282&odnBg=ffffff",
        "title": "Kids strollers ›",
        "description": "HATS",
        "textAlign": "center",
        "fontColor": "#4f4f4f",
        "categoryUrl": "/search/category=kids"
      },
      {
        "source": "//i5.walmartimages.com/dfw/4ff9c6c9-5362/k2-_69d5344f-9dfe-4c9a-ad44-d809dbf89181.v1.jpg?odnWidth=282&odnHeight=282&odnBg=ffffff",
        "title": "Exclusive strollers ›",
        "description": "HATS",
        "textAlign": "center",
        "fontColor": "#4f4f4f",
        "categoryUrl": "/search/category=hats"
      }

    ],
    "forkidos": [
      {
        "source": "https://columbia.scene7.com/is/image/ColumbiaSportswear2/03-02_24704_COL_US_Wmns_Dry_NewArrivals_RainJackets?fmt=pjpeg&scl=1",
        "title": "Shop Jackets ›",
        "description": "COLLECTION",
        "textAlign": "center",
        "fontColor": "#4f4f4f",
        "categoryUrl": "/search/category=jackets"
      },
      {
        "source": "https://columbia.scene7.com/is/image/ColumbiaSportswear2/03-02_24704_COL_US_Wmns_Dry_NewArrivals_Dresses?fmt=pjpeg&scl=1",
        "title": "Shop Dresses ›",
        "description": "ACCESERIES",
        "textAlign": "center",
        "fontColor": "#4f4f4f",
        "categoryUrl": "/search/category=dresses"
      },
      {
        "source": "https://columbia.scene7.com/is/image/ColumbiaSportswear2/03-02_24704_COL_US_Wmns_Dry_NewArrivals_Backpacks?fmt=pjpeg&scl=1",
        "title": "Shop Bags ›",
        "description": "HATS",
        "textAlign": "center",
        "fontColor": "#4f4f4f",
        "categoryUrl": "/search/category=bags"
      },
      {
        "source": "https://columbia.scene7.com/is/image/ColumbiaSportswear2/03-02_24704_COL_US_Wmns_Dry_NewArrivals_Hats?fmt=pjpeg&scl=1",
        "title": "Shop Hats ›",
        "description": "HATS",
        "textAlign": "center",
        "fontColor": "#4f4f4f",
        "categoryUrl": "/search/category=bags"
      }

    ],

    "newItems": [
      {
        "id": "1",
        "url": "https://assets.myntassets.com/dpr_2,q_60,w_210,c_limit,fl_progressive/assets/images/11002022/2020/2/7/177f13e4-f72c-453f-b49f-2ff07ca4830f1581047327297-DressBerry-Women-Tops-6771581047325196-1.jpg",
        "name": "Product 1",
        "basePrice": 99.99,
        "rating": 1,
        "size": "sm",
        "color": "red",
        "price": "55",
        "thumbnail": "1.jpg",
        "detail": "Minerva LumaTech™ V-Tee"
      },
      {
        "id": "2",
        "url": "https://assets.myntassets.com/dpr_2,q_60,w_210,c_limit,fl_progressive/assets/images/11306852/2020/2/3/97b85c73-2f0b-4000-884f-b1b7860a19e11580725524233-Moda-Rapido-Women-Red-Printed-Top-831580725522837-1.jpg",
        "name": "Product 2",
        "basePrice": 99.99,
        "rating": 2,
        "size": "md",
        "color": "red",
        "price": "80",
        "thumbnail": "2.jpg",
        "detail": "Minerva LumaTech™ V-Tee"
      },
      {
        "id": "3",
        "url": "https://assets.myntassets.com/dpr_2,q_60,w_210,c_limit,fl_progressive/assets/images/1694606/2016/12/20/11482216827596-Pannkh-Women-Tops-1191482216827411-1.jpg",
        "name": "Product 3",
        "basePrice": 99.99,
        "rating": 3,
        "size": "xl",
        "color": "red",
        "price": "125",
        "thumbnail": "3.jpg",
        "detail": "Minerva LumaTech™ V-Tee"
      },
      {
        "id": "4",
        "url": "https://assets.myntassets.com/dpr_2,q_60,w_210,c_limit,fl_progressive/assets/images/10237909/2019/7/25/deead2a1-b0fc-480b-8897-86cc96002cf41564038625708-Style-Quotient-Women-Green-Solid-A-Line-Top-8161564038624176-1.jpg",
        "name": "Product 4",
        "basePrice": 99.99,
        "rating": 4,
        "size": "md",
        "color": "green",
        "price": "20",
        "thumbnail": "4.jpg",
        "detail": "Minerva LumaTech™ V-Tee"
      },
      {
        "id": "6",
        "url": "https://assets.myntassets.com/dpr_2,q_60,w_210,c_limit,fl_progressive/assets/images/8384591/2019/1/16/859c2564-fa94-4d93-a1fc-28efbbd11fb61547620058989-The-Pink-Moon-Women-Tops-4141547620057676-1.jpg",
        "name": "Product 6",
        "basePrice": 99.99,
        "rating": 1,
        "size": "sm",
        "color": "pink",
        "price": "30",
        "thumbnail": "6.jpg",
        "detail": "Minerva LumaTech™ V-Tee"
      },
      {
        "id": "7",
        "url": "https://assets.myntassets.com/dpr_2,q_60,w_210,c_limit,fl_progressive/assets/images/1484736/2016/8/23/11471948120944-The-Vanca-Women-Tops-5881471948120739-1.jpg",
        "name": "Product 7",
        "basePrice": 99.99,
        "rating": 2,
        "size": "md",
        "color": "green",
        "price": "180",
        "thumbnail": "7.jpg",
        "detail": "Minerva LumaTech™ V-Tee"
      },
      {
        "id": "8",
        "url": "https://assets.myntassets.com/dpr_2,q_60,w_210,c_limit,fl_progressive/assets/images/10874206/2019/11/15/0ad040f0-6018-4b66-8ad6-c3037ce52f511573811326501-AND-Women-Tops-6471573811323717-1.jpg",
        "name": "Product 8",
        "basePrice": 99.99,
        "rating": 3,
        "size": "sm",
        "color": "blue",
        "price": "33",
        "thumbnail": "8.jpg",
        "detail": "Minerva LumaTech™ V-Tee"
      },
      {
        "id": "9",
        "url": "https://assets.myntassets.com/dpr_2,q_60,w_210,c_limit,fl_progressive/assets/images/2239539/2017/11/23/11511427665619-pink-woman-Women-Pink-Solid-Tank-Top-431511427665490-1.jpg",
        "name": "Product 9",
        "basePrice": 99.99,
        "rating": 4,
        "size": "xl",
        "color": "pink",
        "price": "40",
        "thumbnail": "9.jpg",
        "detail": "Minerva LumaTech™ V-Tee"
      }
    ],
    "regularItems": [
      {
        "id": "10",
        "url": "https://assets.myntassets.com/dpr_2,q_60,w_210,c_limit,fl_progressive/assets/images/10269523/2019/8/6/a2a1c8c1-9a83-4ec6-92cf-90b47e4c523a1565096297928-DOROTHY-PERKINS-Women-Tops-5401565096296321-1.jpg",
        "basePrice": 99.99,
        "rating": 0,
        "size": "lg",
        "color": "red",
        "thumbnail": "10.jpg"
      },
      {
        "id": "111",
        "url": "https://assets.myntassets.com/dpr_2,q_60,w_210,c_limit,fl_progressive/assets/images/11007200/2020/1/10/22ade46b-6554-4fe7-995e-1760e97a512c1578652872804-Mast--Harbour-Women-Tops-4801578652871315-1.jpg",
        "basePrice": 99.99,
        "rating": 1,
        "size": "sm",
        "color": "red",
        "thumbnail": "1.jpg"
      },
      {
        "id": "12",
        "url": "https://assets.myntassets.com/dpr_2,q_60,w_210,c_limit,fl_progressive/assets/images/5617727/2018/5/3/11525347102821-na-2741525347102612-1.jpg",
        "basePrice": 99.99,
        "rating": 2,
        "size": "md",
        "color": "green",
        "thumbnail": "2.jpg"
      },
      {
        "id": "13",
        "url": "https://assets.myntassets.com/dpr_2,q_60,w_210,c_limit,fl_progressive/assets/images/10238649/2019/8/13/095df2c2-edc8-4bf0-b931-ff8a15525d3d1565679141394-plusS-Women-Tops-9651565679139988-1.jpg",
        "basePrice": 99.99,
        "rating": 3,
        "size": "xl",
        "color": "blue",
        "thumbnail": "3.jpg"
      },
      {
        "id": "14",
        "url": "https://assets.myntassets.com/dpr_2,q_60,w_210,c_limit,fl_progressive/assets/images/productimage/2019/6/18/89e446fe-13d9-47d1-9e12-6b6cc5e76a831560853063297-1.jpg",
        "basePrice": 99.99,
        "rating": 4,
        "size": "md",
        "color": "green",
        "thumbnail": "4.jpg"
      },
      {
        "id": "17",
        "url": "https://assets.myntassets.com/dpr_2,q_60,w_210,c_limit,fl_progressive/assets/images/7211000/2018/8/23/f5e2a503-fd7f-4ae1-9232-b087e1999add1535008687470-na-6071535008687249-1.jpg",
        "name": "Product 7",
        "rating": 2,
        "size": "md",
        "color": "green",
        "thumbnail": "7.jpg"
      },
      {
        "id": "18",
        "url": "https://assets.myntassets.com/dpr_2,q_60,w_210,c_limit,fl_progressive/assets/images/10689646/2019/12/31/a0cc59ff-7eff-4d3a-b433-daa1fee2dee01577773692744-Park-Avenue-Women-Blue-Printed-Top-8321577773691173-1.jpg",
        "basePrice": 99.99,
        "rating": 3,
        "size": "sm",
        "color": "blue",
        "thumbnail": "8.jpg"
      },
      {
        "id": "19",
        "url": "https://assets.myntassets.com/dpr_2,q_60,w_210,c_limit,fl_progressive/assets/images/11002022/2020/2/7/177f13e4-f72c-453f-b49f-2ff07ca4830f1581047327297-DressBerry-Women-Tops-6771581047325196-1.jpg",
        "basePrice": 99.99,
        "rating": 4,
        "size": "xl",
        "color": "pink",
        "thumbnail": "9.jpg"
      }
    ]
  },
  "metadata": {
    "filterGroups": [
      {
        "name": "Color",
        "filters": [
          {
            "name": "Red",
            "code": "red",
            "matches": 24,
            "facettype": "color"
          },
          {
            "name": "Green",
            "code": "green",
            "matches": 10,
            "facettype": "color"
          },
          {
            "name": "Blue",
            "code": "blue",
            "matches": 34,
            "facettype": "color"
          },
          {
            "name": "Pink",
            "code": "pink",
            "matches": 11,
            "facettype": "color"
          }
        ]
      },
      {
        "name": "Size",
        "filterComponent": "SliderInput",
        "filters": [
          {
            "name": "Small",
            "code": "sm",
            "matches": 20,
            "facettype": "size"
          },
          {
            "name": "Medium",
            "code": "md",
            "matches": 30,
            "facettype": "size"
          },
          {
            "name": "Large",
            "code": "lg",
            "matches": 50,
            "facettype": "size"
          },
          {
            "name": "X-Large",
            "code": "xl",
            "matches": 9,
            "facettype": "size"
          },
          {
            "name": "XX-Large",
            "code": "xxl",
            "matches": 5,
            "facettype": "size"
          }
        ]
      },
      {
        "name": "Price",
        "filters": [
          {
            "name": "LessThanFifty",
            "code": "< $50",
            "min": 0,
            "max": 50,
            "matches": 20,
            "facettype": "price"
          },
          {
            "name": "FiftyToHundred",
            "code": "$50 - 100",
            "min": 50,
            "max": 100,
            "matches": 5,
            "facettype": "price"
          },
          {
            "name": "Large",
            "code": "$100 - 150",
            "min": 100,
            "max": 150,
            "matches": 10,
            "facettype": "price"
          },
          {
            "name": "GreaterThanOneFifty",
            "code": " > $150",
            "min": 150,
            "max": null,
            "matches": 9,
            "facettype": "price"
          }
        ]
      }
    ],
    "sortOptions": [
      {
        "name": "Price - Low to High",
        "code": "price_asc"
      },
      {
        "name": "Price - High to Low",
        "code": "price_desc"
      },
      {
        "name": "Most Popular",
        "code": "pop"
      }
    ],
    "pagination": {
      "currentPageNo": "1",
      "totalRecords": "200",
      "pageSize": "50"
    }
  },
  "message": {
    "error-message": "Someting went wrong.",
    "success-message": "200 Items found."
  }
}
