{
  "title": "Women's LC Lauren Conrad Top",
  "page": "Product",
  "breadcrumbs": [
    {
      "active": false,
      "link": "/",
      "linkName": "All"
    },
    {
      "active": false,
      "link": "/woman",
      "linkName": "Woman"
    },
    {
      "active": false,
      "link": "/tops",
      "linkName": "Tops"
    },
    {
      "active": true,
      "link": "/productName",
      "linkName": "Women's LC Lauren Conrad Top"
    }
  ],
  "product": {
    "id": "131231",
    "url": "/p/1?c=2&s=2",
    "name": "Women's LC Lauren Conrad Top",
    "brandName": "LC Lauren Conrad",
    "productStatus": "In Stock",
    "price": {
      "selected": {
        "name": "Red"
      },
      "options": [
        {
          "name": "Red",
          "regularPrice": 36,
          "salePrice": 26.99
        },
        {
          "name": "Green",
          "regularPrice": 78.99,
          "salePrice": 54.99
        },
        {
          "name": "Blue",
          "regularPrice": 99.99,
          "salePrice": 96
        }
      ]
    },
    "ratingOpt": {
      "rating": 4.4,
      "reviewCount": 209,
      "reviewComment": "14 out of 17 (82%) reviewers recommend this product"
    },
    "preSelectedColor": "Red",
    "preSelectedSize": "XS",
    "itemMaxAvailableCount": "99",
    "maxQuantityMsg": "Sorry! You can only purchase the 99 items. Please reselect the quantity",
    "availableAccordions": [
      {
        "label": "Product Details",
        "details": "This is the product description. Vivamus accumsan non felis eu condimentum. Class aptent taciti sociosqu ad litora torquent per conubia nostra, per inceptos himenaeos. Mauris sodales tincidunt mi vel lacinia. Cras ultricies magna eu viverra interdum. Sed dapibus lectus eu purus scelerisque cursus. Fusce faucibus feugiat elit sed posuere. Phasellus ac diam enim."
      },
      {
        "label": "Sizing",
        "details": "This is Sizing Tab"
      },
      {
        "label": "Shipping & Returns",
        "details": "This is Shipping and return tab. See our full policy on shipping and return"
      },
      {
        "label": "Related Information",
        "details": "This is Related information tab. All the information about the related product will found here"
      }
    ],
    "swatchImages": [
      {
        "name": "Red",
        "code": "red",
        "facettype": "color",
        "selected": true
      },
      {
        "name": "Green",
        "code": "green",
        "facettype": "color",
        "selected": false
      },
      {
        "name": "Blue",
        "code": "blue",
        "facettype": "color",
        "selected": false
      },
      {
        "name": "Pink",
        "code": "pink",
        "facettype": "color",
        "selected": false
      }
    ],
    "sizes": [
      {
        "code": "XS",
        "name": "XS",
        "disabled": false,
        "selected": false,
        "facettype": "size"
      },
      {
        "code": "S",
        "name": "S",
        "disabled": true,
        "selected": false,
        "facettype": "size"

      },
      {
        "code": "M",
        "name": "M",
        "disabled": false,
        "selected": false,
        "facettype": "size"
      },
      {
        "code": "L",
        "name": "L",
        "disabled": true,
        "selected": false,
        "facettype": "size"
      },
      {
        "code": "XL",
        "name": "XL",
        "disabled": true,
        "selected": false,
        "facettype": "size"
      }
    ],
    "colors": [
      {
        "name": "Red",
        "code": "red",
        "facettype": "color"
      },
      {
        "name": "Green",
        "code": "green",
        "facettype": "color"
      },
      {
        "name": "Blue",
        "code": "blue",
        "facettype": "color"
      }
    ],
    "images": {
      "options": [
        {
          "name": "Red",
          "code": "red",
          "image": "https://assets.myntassets.com/dpr_2,q_60,w_210,c_limit,fl_progressive/assets/images/11002022/2020/2/7/177f13e4-f72c-453f-b49f-2ff07ca4830f1581047327297-DressBerry-Women-Tops-6771581047325196-1.jpg",
          "productSlides": [
            {
              "source": "https://assets.myntassets.com/dpr_2,q_60,w_210,c_limit,fl_progressive/assets/images/11002022/2020/2/7/177f13e4-f72c-453f-b49f-2ff07ca4830f1581047327297-DressBerry-Women-Tops-6771581047325196-1.jpg"
            },
            {
              "source": "https://assets.myntassets.com/h_1440,q_90,w_1080/v1/assets/images/10269523/2019/8/6/a2a1c8c1-9a83-4ec6-92cf-90b47e4c523a1565096297928-DOROTHY-PERKINS-Women-Tops-5401565096296321-1.jpg"
            },
            {
              "source": "https://assets.myntassets.com/h_1440,q_90,w_1080/v1/assets/images/9430117/2019/5/6/73f36f4f-809e-407b-800d-dc32dce51f861557142023879-Bhama-Couture-Women-Red-Solid-A-Line-Top-5401557142022561-1.jpg"
            },
            {
              "source": "https://assets.myntassets.com/dpr_2,q_60,w_210,c_limit,fl_progressive/assets/images/11306852/2020/2/3/97b85c73-2f0b-4000-884f-b1b7860a19e11580725524233-Moda-Rapido-Women-Red-Printed-Top-831580725522837-1.jpg"
            },
            {
              "source": "https://assets.myntassets.com/dpr_2,q_60,w_210,c_limit,fl_progressive/assets/images/1694606/2016/12/20/11482216827596-Pannkh-Women-Tops-1191482216827411-1.jpg"
            },
            {
              "source": "https://assets.myntassets.com/dpr_2,q_60,w_210,c_limit,fl_progressive/assets/images/11007200/2020/1/10/22ade46b-6554-4fe7-995e-1760e97a512c1578652872804-Mast--Harbour-Women-Tops-4801578652871315-1.jpg"
            }
          ]
        },
        {
          "name": "Green",
          "code": "green",
          "image": "https://assets.myntassets.com/dpr_2,q_60,w_600,c_limit,fl_progressive/assets/images/10237909/2019/7/25/deead2a1-b0fc-480b-8897-86cc96002cf41564038625708-Style-Quotient-Women-Green-Solid-A-Line-Top-8161564038624176-1.jpg",
          "productSlides": [
            {
              "source": "https://rukminim1.flixcart.com/image/880/1056/jv9udu80/shirt/c/d/p/xl-sfshrt2008-sassafras-original-imafg82bngss7fxp.jpeg?q=50"
            },
            {
              "source": "https://rukminim1.flixcart.com/image/880/1056/k0sgl8w0/top/r/z/j/l-cm-kt64-cobio-man-original-imafkhkb2kzyvhua.jpeg?q=50"
            },
            {
              "source": "https://assets.myntassets.com/dpr_2,q_60,w_210,c_limit,fl_progressive/assets/images/5617727/2018/5/3/11525347102821-na-2741525347102612-1.jpg"
            },
            {
              "source": "https://assets.myntassets.com/dpr_2,q_60,w_210,c_limit,fl_progressive/assets/images/10237909/2019/7/25/deead2a1-b0fc-480b-8897-86cc96002cf41564038625708-Style-Quotient-Women-Green-Solid-A-Line-Top-8161564038624176-1.jpg"
            },
            {
              "source": "https://assets.myntassets.com/dpr_2,q_60,w_210,c_limit,fl_progressive/assets/images/productimage/2019/6/18/89e446fe-13d9-47d1-9e12-6b6cc5e76a831560853063297-1.jpg"
            },
            {
              "source": "https://assets.myntassets.com/dpr_2,q_60,w_210,c_limit,fl_progressive/assets/images/7211000/2018/8/23/f5e2a503-fd7f-4ae1-9232-b087e1999add1535008687470-na-6071535008687249-1.jpg"
            },
            {
              "source": "https://assets.myntassets.com/dpr_2,q_60,w_210,c_limit,fl_progressive/assets/images/10237909/2019/7/25/deead2a1-b0fc-480b-8897-86cc96002cf41564038625708-Style-Quotient-Women-Green-Solid-A-Line-Top-8161564038624176-1.jpg"
            },
            {
              "source": "https://assets.myntassets.com/dpr_2,q_60,w_210,c_limit,fl_progressive/assets/images/productimage/2019/6/18/89e446fe-13d9-47d1-9e12-6b6cc5e76a831560853063297-1.jpg"
            },
            {
              "source": "https://assets.myntassets.com/dpr_2,q_60,w_210,c_limit,fl_progressive/assets/images/7211000/2018/8/23/f5e2a503-fd7f-4ae1-9232-b087e1999add1535008687470-na-6071535008687249-1.jpg"
            }
          ]
        },
        {
          "name": "Blue",
          "code": "blue",
          "image": "https://via.placeholder.com/350/388E3C/388E3C",
          "productSlides": [
            {
              "source": "https://assets.myntassets.com/h_1440,q_90,w_1080/v1/assets/images/11649338/2020/3/20/c5600981-02b8-4b59-9388-3483eed598291584692602999-DOROTHY-PERKINS-Women-Tops-2611584692600787-1.jpg"
            },
            {
              "source": "https://n1.sdlcdn.com/imgs/i/o/l/Yash-Gallery-Cotton-Regular-Tops-SDL816939449-1-b6575.jpg"
            },
            {
              "source": "https://n4.sdlcdn.com/imgs/i/q/n/Yash-Gallery-Rayon-Regular-Tops-SDL009419865-1-c7530.jpeg"
            },
            {
              "source": "https://n3.sdlcdn.com/imgs/h/8/b/Mansi-Collections-Polyester-Regular-Tops-SDL692402635-1-c3d41.jpg"
            },
            {
              "source" :"https://n3.sdlcdn.com/imgs/i/e/g/Soie-Polyester-Regular-Tops-Grey-SDL163114362-1-f2aeb.jpg"
            }
          ]
        },
        {
          "name": "Pink",
          "code": "pink",
          "image": "https://via.placeholder.com/350/388E3C/388E3C",
          "productSlides": [
            {
              "source": "https://assets.myntassets.com/h_1440,q_90,w_1080/v1/assets/images/10308561/2019/7/29/c83ad66c-a5e9-48a6-b8e2-ea658abf47de1564390013166-SASSAFRAS-Women-Tops-3121564390011826-1.jpg"
            },
            {
              "source": "https://images-na.ssl-images-amazon.com/images/I/71VgYRV6pgL._UY879_.jpg"
            },
            {
              "source": "https://images-na.ssl-images-amazon.com/images/I/71VgYRV6pgL._UY879_.jpg"
            }
          ]
        }
      ],
      "selected": {
        "name": "Red"
      }
    }
  },
  "SKUS": [
    {
      "id": "1233310",
      "url": "/p/1?c=2&s=2",
      "price": {
        "regularPrice": 36,
        "salePrice": 26.99
      },
      "productStatus": "In Stock",
      "color": "red",
      "size": "XS",
      "itemMaxAvailableCount": "99",
      "maxQuantityMsg": "Sorry! You can only purchase the 99 items. Please reselect the quantity"
    },
    {
      "id": "123331",
      "url": "/p/1?c=2&s=2",
      "price": {
        "regularPrice": 22,
        "salePrice": 22
      },
      "productStatus": "In Stock",
      "color": "blue",
      "size": "XS",
      "itemMaxAvailableCount": "99",
      "maxQuantityMsg": "Sorry! You can only purchase the 99 items. Please reselect the quantity"
    },
    {
      "id": "123432",
      "url": "/p/1?c=2&s=2",
      "price": {
        "regularPrice": 36,
        "salePrice": 33
      },
      "productStatus": "In Stock",
      "color": "blue",
      "size": "S",
      "itemMaxAvailableCount": "99",
      "maxQuantityMsg": "Sorry! You can only purchase the 99 items. Please reselect the quantity"
    },
    {
      "id": "123533",
      "url": "/p/1?c=2&s=2",
      "price": {
        "regularPrice": 36,
        "salePrice": 26.99
      },
      "productStatus": "In Stock",
      "color": "blue",
      "size": "M",
      "itemMaxAvailableCount": "99",
      "maxQuantityMsg": "Sorry! You can only purchase the 99 items. Please reselect the quantity"
    },
    {
      "id": "12233634",
      "url": "/p/1?c=2&s=2",
      "price": {
        "regularPrice": 36,
        "salePrice": 26.99
      },
      "productStatus": "Out Of Stock",
      "color": "blue",
      "size": "XL",
      "itemMaxAvailableCount": "0",
      "OutOfStockMsg": "Sorry! this item is out of stock."
    },
    {
      "id": "12334335",
      "url": "/p/1?c=2&s=2",
      "price": {
        "regularPrice": 38,
        "salePrice": 35
      },
      "productStatus": "Out Of Stock",
      "color": "green",
      "size": "XS",
      "itemMaxAvailableCount": "0",
      "OutOfStockMsg": "Sorry! this item is out of stock."
    },
    {
      "id": "12343136",
      "url": "/p/1?c=2&s=2",
      "price": {
        "regularPrice": 33,
        "salePrice": 32
      },
      "productStatus": "In Stock",
      "color": "green",
      "size": "S",
      "itemMaxAvailableCount": "99",
      "maxQuantityMsg": "Sorry! You can only purchase the 99 items. Please reselect the quantity"
    },
    {
      "id": "13323337",
      "url": "/p/1?c=2&s=2",
      "price": {
        "regularPrice": 36,
        "salePrice": 26.99
      },
      "productStatus": "In Stock",
      "color": "green",
      "size": "M",
      "itemMaxAvailableCount": "99",
      "maxQuantityMsg": "Sorry! You can only purchase the 99 items. Please reselect the quantity"
    },
    {
      "id": "123338888",
      "url": "/p/1?c=2&s=2",
      "price": {
        "regularPrice": 36,
        "salePrice": 26.99
      },
      "productStatus": "In Stock",
      "color": "pink",
      "size": "XS",
      "itemMaxAvailableCount": "99",
      "maxQuantityMsg": "Sorry! You can only purchase the 99 items. Please reselect the quantity"
    },
    {
      "id": "123339",
      "url": "/p/1?c=2&s=2",
      "price": {
        "regularPrice": 40,
        "salePrice": 38.99
      },
      "productStatus": "In Stock",
      "color": "green",
      "size": "XL",
      "itemMaxAvailableCount": "99",
      "maxQuantityMsg": "Sorry! You can only purchase the 99 items. Please reselect the quantity"
    },
    {
      "id": "1233311",
      "url": "/p/1?c=2&s=2",
      "price": {
        "regularPrice": 36,
        "salePrice": 26.99
      },
      "productStatus": "In Stock",
      "color": "red",
      "size": "S",
      "itemMaxAvailableCount": "99",
      "maxQuantityMsg": "Sorry! You can only purchase the 99 items. Please reselect the quantity"
    },
    {
      "id": "1233312",
      "url": "/p/1?c=2&s=2",
      "price": {
        "regularPrice": 36,
        "salePrice": 26.99
      },
      "productStatus": "Out Of Stock",
      "color": "red",
      "size": "M",
      "itemMaxAvailableCount": "0",
      "OutOfStockMsg": "Sorry! this item is out of stock."
    },
    {
      "id": "1233313",
      "url": "/p/1?c=2&s=2",
      "price": {
        "regularPrice": 36,
        "salePrice": 26.99
      },
      "productStatus": "In Stock",
      "color": "red",
      "size": "L",
      "itemMaxAvailableCount": "99",
      "maxQuantityMsg": "Sorry! You can only purchase the 99 items. Please reselect the quantity"
    },
    {
      "id": "1233314",
      "url": "/p/1?c=2&s=2",
      "price": {
        "regularPrice": 36,
        "salePrice": 26.99
      },
      "productStatus": "In Stock",
      "color": "red",
      "size": "XL",
      "itemMaxAvailableCount": "99",
      "maxQuantityMsg": "Sorry! You can only purchase the 99 items. Please reselect the quantity"
    }
  ],
  "styleItYourWay": [
    {
      "id": "1",
      "url": "https://assets.myntassets.com/dpr_2,q_60,w_210,c_limit,fl_progressive/assets/images/11007200/2020/1/10/22ade46b-6554-4fe7-995e-1760e97a512c1578652872804-Mast--Harbour-Women-Tops-4801578652871315-1.jpg",
      "name": "Product 1",
      "basePrice": 99.99,
      "rating": 1,
      "size": "sm",
      "color": "red",
      "price": "35",
      "thumbnail": "1.jpg",
      "productType": "New"
    },
    {
      "id": "2",
      "url": "https://assets.myntassets.com/dpr_2,q_60,w_210,c_limit,fl_progressive/assets/images/5617727/2018/5/3/11525347102821-na-2741525347102612-1.jpg",
      "name": "Product 2",
      "basePrice": 99.99,
      "rating": 2,
      "size": "md",
      "color": "green",
      "price": "20",
      "thumbnail": "2.jpg",
      "productType": "New"
    },
    {
      "id": "3",
      "url": "https://assets.myntassets.com/dpr_2,q_60,w_210,c_limit,fl_progressive/assets/images/10238649/2019/8/13/095df2c2-edc8-4bf0-b931-ff8a15525d3d1565679141394-plusS-Women-Tops-9651565679139988-1.jpg",
      "name": "Product 3",
      "basePrice": 99.99,
      "rating": 3,
      "size": "xl",
      "color": "blue",
      "price": "25",
      "thumbnail": "3.jpg",
      "productType": "New"
    },
    {
      "id": "4",
      "url": "https://assets.myntassets.com/dpr_2,q_60,w_210,c_limit,fl_progressive/assets/images/productimage/2019/6/18/89e446fe-13d9-47d1-9e12-6b6cc5e76a831560853063297-1.jpg",
      "name": "Product 4",
      "basePrice": 99.99,
      "rating": 4,
      "size": "md",
      "color": "green",
      "price": "20",
      "thumbnail": "4.jpg",
      "productType": "regular"
    },
    {
      "id": "5",
      "url": "https://assets.myntassets.com/dpr_2,q_60,w_210,c_limit,fl_progressive/assets/images/7211000/2018/8/23/f5e2a503-fd7f-4ae1-9232-b087e1999add1535008687470-na-6071535008687249-1.jpg",
      "name": "Product 5",
      "basePrice": 99.99,
      "rating": 0,
      "size": "xl",
      "color": "red",
      "price": "35",
      "thumbnail": "5.jpg",
      "productType": "regular"
    }
  ],
  "similarProducts": [
    {
      "id": "1",
      "url": "https://assets.myntassets.com/dpr_2,q_60,w_210,c_limit,fl_progressive/assets/images/11002022/2020/2/7/177f13e4-f72c-453f-b49f-2ff07ca4830f1581047327297-DressBerry-Women-Tops-6771581047325196-1.jpg",
      "name": "Product 1",
      "basePrice": 99.99,
      "rating": 1,
      "size": "sm",
      "color": "red",
      "price": "35",
      "thumbnail": "1.jpg",
      "productType": "New",
      "description": "Product 1: Women's Apt. 9® Essential High-Low Tunic"
    },
    {
      "id": "2",
      "url": "https://assets.myntassets.com/dpr_2,q_60,w_210,c_limit,fl_progressive/assets/images/11306852/2020/2/3/97b85c73-2f0b-4000-884f-b1b7860a19e11580725524233-Moda-Rapido-Women-Red-Printed-Top-831580725522837-1.jpg",
      "name": "Product 2",
      "basePrice": 99.99,
      "rating": 2,
      "size": "md",
      "color": "green",
      "price": "20",
      "thumbnail": "2.jpg",
      "productType": "New",
      "description": "Product 2: Women's Apt. 9® Essential High-Low Tunic"
    },
    {
      "id": "3",
      "url": "https://assets.myntassets.com/dpr_2,q_60,w_210,c_limit,fl_progressive/assets/images/1694606/2016/12/20/11482216827596-Pannkh-Women-Tops-1191482216827411-1.jpg",
      "name": "Product 3",
      "basePrice": 99.99,
      "rating": 3,
      "size": "xl",
      "color": "blue",
      "price": "25",
      "thumbnail": "3.jpg",
      "productType": "New",
      "description": "Product 3: Women's Apt. 9® Essential High-Low Tunic"
    },
    {
      "id": "4",
      "url": "https://assets.myntassets.com/dpr_2,q_60,w_210,c_limit,fl_progressive/assets/images/10237909/2019/7/25/deead2a1-b0fc-480b-8897-86cc96002cf41564038625708-Style-Quotient-Women-Green-Solid-A-Line-Top-8161564038624176-1.jpg",
      "name": "Product 4",
      "basePrice": 99.99,
      "rating": 4,
      "size": "md",
      "color": "green",
      "price": "20",
      "thumbnail": "4.jpg",
      "productType": "regular",
      "description": "Product 4: Women's Apt. 9® Essential High-Low Tunic"
    },
    {
      "id": "5",
      "url": "https://assets.myntassets.com/dpr_2,q_60,w_210,c_limit,fl_progressive/assets/images/8384591/2019/1/16/859c2564-fa94-4d93-a1fc-28efbbd11fb61547620058989-The-Pink-Moon-Women-Tops-4141547620057676-1.jpg",
      "name": "Product 5",
      "basePrice": 99.99,
      "rating": 0,
      "size": "xl",
      "color": "red",
      "price": "35",
      "thumbnail": "5.jpg",
      "productType": "regular",
      "description": "Product 5: Women's Apt. 9® Essential High-Low Tunic"
    },
    {
      "id": "6",
      "url": "https://assets.myntassets.com/dpr_2,q_60,w_210,c_limit,fl_progressive/assets/images/1484736/2016/8/23/11471948120944-The-Vanca-Women-Tops-5881471948120739-1.jpg",
      "name": "Product 6",
      "basePrice": 99.99,
      "rating": 1,
      "size": "sm",
      "color": "pink",
      "price": "30",
      "thumbnail": "6.jpg",
      "productType": "regular",
      "description": "Product 6: Women's Apt. 9® Essential High-Low Tunic"
    },
    {
      "id": "7",
      "url": "https://assets.myntassets.com/dpr_2,q_60,w_210,c_limit,fl_progressive/assets/images/10874206/2019/11/15/0ad040f0-6018-4b66-8ad6-c3037ce52f511573811326501-AND-Women-Tops-6471573811323717-1.jpg",
      "name": "Product 7",
      "basePrice": 99.99,
      "rating": 2,
      "size": "md",
      "color": "green",
      "price": "20",
      "thumbnail": "7.jpg",
      "productType": "regular",
      "description": "Product 7: Women's Apt. 9® Essential High-Low Tunic"
    },
    {
      "id": "8",
      "url": "https://assets.myntassets.com/dpr_2,q_60,w_210,c_limit,fl_progressive/assets/images/2239539/2017/11/23/11511427665619-pink-woman-Women-Pink-Solid-Tank-Top-431511427665490-1.jpg",
      "name": "Product 8",
      "basePrice": 99.99,
      "rating": 3,
      "size": "sm",
      "color": "blue",
      "price": "33",
      "thumbnail": "8.jpg",
      "productType": "regular",
      "description": "Product 8: Women's Apt. 9® Essential High-Low Tunic"
    }
  ],
  "LikeProducts": [
    {
      "id": "1",
      "url": "https://assets.myntassets.com/dpr_2,q_60,w_210,c_limit,fl_progressive/assets/images/10269523/2019/8/6/a2a1c8c1-9a83-4ec6-92cf-90b47e4c523a1565096297928-DOROTHY-PERKINS-Women-Tops-5401565096296321-1.jpg",
      "name": "Product 1",
      "basePrice": 99.99,
      "rating": 1,
      "size": "sm",
      "color": "red",
      "price": "35",
      "thumbnail": "1.jpg",
      "productType": "New",
      "description": "Product 1: Women's SONOMA Goods for Life® Essential Crewneck Tee"
    },
    {
      "id": "2",
      "url": "https://assets.myntassets.com/dpr_2,q_60,w_210,c_limit,fl_progressive/assets/images/11007200/2020/1/10/22ade46b-6554-4fe7-995e-1760e97a512c1578652872804-Mast--Harbour-Women-Tops-4801578652871315-1.jpg",
      "name": "Product 2",
      "basePrice": 99.99,
      "rating": 2,
      "size": "md",
      "color": "green",
      "price": "20",
      "thumbnail": "2.jpg",
      "productType": "New",
      "description": "Product 2: Women's SONOMA Goods for Life® Essential Crewneck Tee"
    },
    {
      "id": "3",
      "url": "https://assets.myntassets.com/dpr_2,q_60,w_210,c_limit,fl_progressive/assets/images/5617727/2018/5/3/11525347102821-na-2741525347102612-1.jpg",
      "name": "Product 3",
      "basePrice": 99.99,
      "rating": 3,
      "size": "xl",
      "color": "blue",
      "price": "25",
      "thumbnail": "3.jpg",
      "productType": "New",
      "description": "Product 3: Women's SONOMA Goods for Life® Essential Crewneck Tee"
    },
    {
      "id": "4",
      "url": "https://assets.myntassets.com/dpr_2,q_60,w_210,c_limit,fl_progressive/assets/images/10238649/2019/8/13/095df2c2-edc8-4bf0-b931-ff8a15525d3d1565679141394-plusS-Women-Tops-9651565679139988-1.jpg",
      "name": "Product 4",
      "basePrice": 99.99,
      "rating": 4,
      "size": "md",
      "color": "green",
      "price": "20",
      "thumbnail": "4.jpg",
      "productType": "regular",
      "description": "Product 4: Women's SONOMA Goods for Life® Essential Crewneck Tee"
    },
    {
      "id": "5",
      "url": "https://assets.myntassets.com/dpr_2,q_60,w_210,c_limit,fl_progressive/assets/images/productimage/2019/6/18/89e446fe-13d9-47d1-9e12-6b6cc5e76a831560853063297-1.jpg",
      "name": "Product 5",
      "basePrice": 99.99,
      "rating": 0,
      "size": "xl",
      "color": "red",
      "price": "35",
      "thumbnail": "5.jpg",
      "productType": "regular",
      "description": "Product 5: Women's SONOMA Goods for Life® Essential Crewneck Tee"
    },
    {
      "id": "6",
      "url": "https://assets.myntassets.com/dpr_2,q_60,w_210,c_limit,fl_progressive/assets/images/7211000/2018/8/23/f5e2a503-fd7f-4ae1-9232-b087e1999add1535008687470-na-6071535008687249-1.jpg",
      "name": "Product 6",
      "basePrice": 99.99,
      "rating": 1,
      "size": "sm",
      "color": "pink",
      "price": "30",
      "thumbnail": "6.jpg",
      "productType": "regular",
      "description": "Product 6: Women's SONOMA Goods for Life® Essential Crewneck Tee"
    },
    {
      "id": "7",
      "url": "https://assets.myntassets.com/dpr_2,q_60,w_210,c_limit,fl_progressive/assets/images/10689646/2019/12/31/a0cc59ff-7eff-4d3a-b433-daa1fee2dee01577773692744-Park-Avenue-Women-Blue-Printed-Top-8321577773691173-1.jpg",
      "name": "Product 7",
      "basePrice": 99.99,
      "rating": 2,
      "size": "md",
      "color": "green",
      "price": "20",
      "thumbnail": "7.jpg",
      "productType": "regular",
      "description": "Product 7: Women's SONOMA Goods for Life® Essential Crewneck Tee"
    },
    {
      "id": "8",
      "url": "https://assets.myntassets.com/dpr_2,q_60,w_210,c_limit,fl_progressive/assets/images/11002022/2020/2/7/177f13e4-f72c-453f-b49f-2ff07ca4830f1581047327297-DressBerry-Women-Tops-6771581047325196-1.jpg",
      "name": "Product 8",
      "basePrice": 99.99,
      "rating": 3,
      "size": "sm",
      "color": "blue",
      "price": "33",
      "thumbnail": "8.jpg",
      "productType": "regular",
      "description": "Product 8: Women's SONOMA Goods for Life® Essential Crewneck Tee"
    }
  ]
}
