{
    "data": {
        "title": "Subcategory #3",
        "page": "Subcategory",
        "description": "This is the description for subcategory 3.",
        "items": [
            {
                "id": "1",
                "url": "https://assets.myntassets.com/dpr_2,q_60,w_210,c_limit,fl_progressive/assets/images/11002022/2020/2/7/177f13e4-f72c-453f-b49f-2ff07ca4830f1581047327297-DressBerry-Women-Tops-6771581047325196-1.jpg",
                "name": "Product 1",
                "basePrice": 99.99,
                "rating": 1,
                "size": "sm",
                "color": "red",
                "price": 55,
                "thumbnail": "1.jpg",
                "productType": "New",
               "productUrl":"/product/prd-12/productname?color=olive",
                "description": "Minerva LumaTech™ V-Tee"
            },
            {
                "id": "2",
                "url": "https://assets.myntassets.com/dpr_2,q_60,w_210,c_limit,fl_progressive/assets/images/11306852/2020/2/3/97b85c73-2f0b-4000-884f-b1b7860a19e11580725524233-Moda-Rapido-Women-Red-Printed-Top-831580725522837-1.jpg",
                "name": "Product 2",
                "basePrice": 99.99,
                "rating": 2,
                "size": "md",
                "color": "red",
                "price": 80,
                "thumbnail": "2.jpg",
                "productType": "New",
                "productUrl":"/product/prd-13/productname?color=red",
                "description": "Minerva LumaTech™ V-Tee"
            },
            {
                "id": "3",
                "url": "https://assets.myntassets.com/dpr_2,q_60,w_210,c_limit,fl_progressive/assets/images/1694606/2016/12/20/11482216827596-Pannkh-Women-Tops-1191482216827411-1.jpg",
                "name": "Product 3",
                "basePrice": 99.99,
                "rating": 3,
                "size": "xl",
                "color": "red",
                "price": 125,
                "thumbnail": "3.jpg",
                "productType": "New",
               "productUrl":"/product/prd-12",
                "description": "Minerva LumaTech™ V-Tee"
            },
            {
                "id": "4",
                "url": "https://assets.myntassets.com/dpr_2,q_60,w_210,c_limit,fl_progressive/assets/images/10237909/2019/7/25/deead2a1-b0fc-480b-8897-86cc96002cf41564038625708-Style-Quotient-Women-Green-Solid-A-Line-Top-8161564038624176-1.jpg",
                "name": "Product 4",
                "basePrice": 99.99,
                "rating": 4,
                "size": "lg",
                "color": "green",
                "price": 20,
                "thumbnail": "4.jpg",
                "productType": "regular",
                "productUrl":"/product/prd-14/productname?color=pink",
                "description": "New Minerva LumaTech™ V-Tee"
            },
            {
                "id": "6",
                "url": "https://assets.myntassets.com/dpr_2,q_60,w_210,c_limit,fl_progressive/assets/images/8384591/2019/1/16/859c2564-fa94-4d93-a1fc-28efbbd11fb61547620058989-The-Pink-Moon-Women-Tops-4141547620057676-1.jpg",
                "name": "Product 6",
                "basePrice": 99.99,
                "rating": 1,
                "size": "sm",
                "color": "pink",
                "price": 30,
                "thumbnail": "6.jpg",
                "productType": "regular",
                "productUrl":"/product/prd-15/productname?color=white",
                "description": "New Minerva LumaTech™ V-Tee"
            },
            {
                "id": "7",
                "url": "https://assets.myntassets.com/dpr_2,q_60,w_210,c_limit,fl_progressive/assets/images/1484736/2016/8/23/11471948120944-The-Vanca-Women-Tops-5881471948120739-1.jpg",
                "name": "Product 7",
                "basePrice": 99.99,
                "rating": 2,
                "size": "sm",
                "color": "green",
                "price": 180,
                "thumbnail": "7.jpg",
                "productType": "regular",
                "productUrl":"/product/prd-16/productname?color=black",
                "description": "New Minerva LumaTech™ V-Tee"
            },
            {
                "id": "8",
                "url": "https://assets.myntassets.com/dpr_2,q_60,w_210,c_limit,fl_progressive/assets/images/10874206/2019/11/15/0ad040f0-6018-4b66-8ad6-c3037ce52f511573811326501-AND-Women-Tops-6471573811323717-1.jpg",
                "name": "Product 8",
                "basePrice": 99.99,
                "rating": 3,
                "size": "sm",
                "color": "blue",
                "price": 33,
                "thumbnail": "8.jpg",
                "productType": "regular",
                "productUrl":"/product/prd-17/productname?color=orange",
                "description": "New Minerva LumaTech™ V-Tee"
            },
            {
                "id": "9",
                "url": "https://assets.myntassets.com/dpr_2,q_60,w_210,c_limit,fl_progressive/assets/images/2239539/2017/11/23/11511427665619-pink-woman-Women-Pink-Solid-Tank-Top-431511427665490-1.jpg",
                "name": "Product 9",
                "basePrice": 99.99,
                "rating": 4,
                "size": "xl",
                "color": "pink",
                "price": 40,
                "thumbnail": "9.jpg",
                "productType": "regular",
                "productUrl":"/product/prd-18/productname?color=orange",
                "description": "New Minerva LumaTech™ V-Tee"
            },
            {
                "id": "10",
                "url": "https://assets.myntassets.com/dpr_2,q_60,w_210,c_limit,fl_progressive/assets/images/10269523/2019/8/6/a2a1c8c1-9a83-4ec6-92cf-90b47e4c523a1565096297928-DOROTHY-PERKINS-Women-Tops-5401565096296321-1.jpg",
                "name": "Product 10",
                "basePrice": 99.99,
                "rating": 0,
                "size": "lg",
                "color": "red",
                "price": 27,
                "thumbnail": "10.jpg",
                "productType": "regular",
                "productUrl":"/product/prd-19/productname?color=white",
                "description": "New Minerva LumaTech™ V-Tee"
            },
            {
                "id": "111",
                "url": "https://assets.myntassets.com/dpr_2,q_60,w_210,c_limit,fl_progressive/assets/images/11007200/2020/1/10/22ade46b-6554-4fe7-995e-1760e97a512c1578652872804-Mast--Harbour-Women-Tops-4801578652871315-1.jpg",
                "name": "Product 1",
                "basePrice": 99.99,
                "rating": 1,
                "size": "sm",
                "color": "red",
                "price": 35,
                "thumbnail": "1.jpg",
                "productType": "New",
                "productUrl":"/product/prd-20/productname?color=silver",
                "description": "Minerva LumaTech™ V-Tee"
            },
            {
                "id": "12",
                "url": "https://assets.myntassets.com/dpr_2,q_60,w_210,c_limit,fl_progressive/assets/images/5617727/2018/5/3/11525347102821-na-2741525347102612-1.jpg",
                "name": "Product 2",
                "basePrice": 99.99,
                "rating": 2,
                "size": "md",
                "color": "green",
                "price": 20,
                "thumbnail": "2.jpg",
                "productType": "New",
                "productUrl":"/product/prd-21/productname?color=red",
                "description": "Minerva LumaTech™ V-Tee"
            },
            {
                "id": "13",
                "url": "https://assets.myntassets.com/dpr_2,q_60,w_210,c_limit,fl_progressive/assets/images/10238649/2019/8/13/095df2c2-edc8-4bf0-b931-ff8a15525d3d1565679141394-plusS-Women-Tops-9651565679139988-1.jpg",
                "name": "Product 3",
                "basePrice": 99.99,
                "rating": 3,
                "size": "xl",
                "color": "blue",
                "price": 25,
                "thumbnail": "3.jpg",
                "productType": "New",
                "productUrl":"/product/prd-22/productname?color=blue",
                "description": "Minerva LumaTech™ V-Tee"
            },
            {
                "id": "14",
                "url": "https://assets.myntassets.com/dpr_2,q_60,w_210,c_limit,fl_progressive/assets/images/productimage/2019/6/18/89e446fe-13d9-47d1-9e12-6b6cc5e76a831560853063297-1.jpg",
                "name": "Product 4",
                "basePrice": 99.99,
                "rating": 4,
                "size": "md",
                "color": "green",
                "price": 20,
                "thumbnail": "4.jpg",
                "productType": "regular",
                "productUrl":"/product/prd-22/productname?color=mongo",
                "description": "New Minerva LumaTech™ V-Tee"
            },
            {
                "id": "17",
                "url": "https://assets.myntassets.com/dpr_2,q_60,w_210,c_limit,fl_progressive/assets/images/7211000/2018/8/23/f5e2a503-fd7f-4ae1-9232-b087e1999add1535008687470-na-6071535008687249-1.jpg",
                "name": "Product 7",
                "basePrice": 99.99,
                "rating": 2,
                "size": "sm",
                "color": "green",
                "price": 20,
                "thumbnail": "7.jpg",
                "productType": "regular",
               "productUrl":"/product/prd-12",
                "description": "New Minerva LumaTech™ V-Tee"
            },
            {
                "id": "18",
                "url": "https://assets.myntassets.com/dpr_2,q_60,w_210,c_limit,fl_progressive/assets/images/10689646/2019/12/31/a0cc59ff-7eff-4d3a-b433-daa1fee2dee01577773692744-Park-Avenue-Women-Blue-Printed-Top-8321577773691173-1.jpg",
                "name": "Product 8",
                "basePrice": 99.99,
                "rating": 3,
                "size": "sm",
                "color": "blue",
                "price": 33,
                "thumbnail": "8.jpg",
                "productType": "regular",
               "productUrl":"/product/prd-12",
                "description": "New Minerva LumaTech™ V-Tee"
            },
            {
                "id": "19",
                "url": "https://assets.myntassets.com/dpr_2,q_60,w_210,c_limit,fl_progressive/assets/images/11002022/2020/2/7/177f13e4-f72c-453f-b49f-2ff07ca4830f1581047327297-DressBerry-Women-Tops-6771581047325196-1.jpg",
                "name": "Product 9",
                "basePrice": 99.99,
                "rating": 4,
                "size": "xl",
                "color": "pink",
                "price": 38,
                "thumbnail": "9.jpg",
                "productType": "regular",
               "productUrl":"/product/prd-12",
                "description": "New Minerva LumaTech™ V-Tee"
            },
            {
                "id": "1",
                "url": "https://assets.myntassets.com/dpr_2,q_60,w_210,c_limit,fl_progressive/assets/images/11002022/2020/2/7/177f13e4-f72c-453f-b49f-2ff07ca4830f1581047327297-DressBerry-Women-Tops-6771581047325196-1.jpg",
                "name": "Product 1",
                "basePrice": 99.99,
                "rating": 1,
                "size": "sm",
                "color": "red",
                "price": 55,
                "thumbnail": "1.jpg",
                "productType": "New",
               "productUrl":"/product/prd-12",
                "description": "Minerva LumaTech™ V-Tee"
            },
            {
                "id": "2",
                "url": "https://assets.myntassets.com/dpr_2,q_60,w_210,c_limit,fl_progressive/assets/images/11306852/2020/2/3/97b85c73-2f0b-4000-884f-b1b7860a19e11580725524233-Moda-Rapido-Women-Red-Printed-Top-831580725522837-1.jpg",
                "name": "Product 2",
                "basePrice": 99.99,
                "rating": 2,
                "size": "md",
                "color": "red",
                "price": 80,
                "thumbnail": "2.jpg",
                "productType": "New",
               "productUrl":"/product/prd-12",
                "description": "Minerva LumaTech™ V-Tee"
            },
            {
                "id": "3",
                "url": "https://assets.myntassets.com/dpr_2,q_60,w_210,c_limit,fl_progressive/assets/images/1694606/2016/12/20/11482216827596-Pannkh-Women-Tops-1191482216827411-1.jpg",
                "name": "Product 3",
                "basePrice": 99.99,
                "rating": 3,
                "size": "xl",
                "color": "red",
                "price": 125,
                "thumbnail": "3.jpg",
                "productType": "New",
               "productUrl":"/product/prd-12",
                "description": "Minerva LumaTech™ V-Tee"
            },
            {
                "id": "4",
                "url": "https://assets.myntassets.com/dpr_2,q_60,w_210,c_limit,fl_progressive/assets/images/10237909/2019/7/25/deead2a1-b0fc-480b-8897-86cc96002cf41564038625708-Style-Quotient-Women-Green-Solid-A-Line-Top-8161564038624176-1.jpg",
                "name": "Product 4",
                "basePrice": 99.99,
                "rating": 4,
                "size": "md",
                "color": "green",
                "price": 20,
                "thumbnail": "4.jpg",
                "productType": "regular",
               "productUrl":"/product/prd-12",
                "description": "New Minerva LumaTech™ V-Tee"
            },
            {
                "id": "6",
                "url": "https://assets.myntassets.com/dpr_2,q_60,w_210,c_limit,fl_progressive/assets/images/8384591/2019/1/16/859c2564-fa94-4d93-a1fc-28efbbd11fb61547620058989-The-Pink-Moon-Women-Tops-4141547620057676-1.jpg",
                "name": "Product 6",
                "basePrice": 99.99,
                "rating": 1,
                "size": "sm",
                "color": "pink",
                "price": 30,
                "thumbnail": "6.jpg",
                "productType": "regular",
               "productUrl":"/product/prd-12",
                "description": "New Minerva LumaTech™ V-Tee"
            },
            {
                "id": "7",
                "url": "https://assets.myntassets.com/dpr_2,q_60,w_210,c_limit,fl_progressive/assets/images/1484736/2016/8/23/11471948120944-The-Vanca-Women-Tops-5881471948120739-1.jpg",
                "name": "Product 7",
                "basePrice": 99.99,
                "rating": 2,
                "size": "md",
                "color": "green",
                "price": 180,
                "thumbnail": "7.jpg",
                "productType": "regular",
               "productUrl":"/product/prd-12",
                "description": "New Minerva LumaTech™ V-Tee"
            },
            {
                "id": "8",
                "url": "https://assets.myntassets.com/dpr_2,q_60,w_210,c_limit,fl_progressive/assets/images/10874206/2019/11/15/0ad040f0-6018-4b66-8ad6-c3037ce52f511573811326501-AND-Women-Tops-6471573811323717-1.jpg",
                "name": "Product 8",
                "basePrice": 99.99,
                "rating": 3,
                "size": "sm",
                "color": "blue",
                "price": 33,
                "thumbnail": "8.jpg",
                "productType": "regular",
               "productUrl":"/product/prd-12",
                "description": "New Minerva LumaTech™ V-Tee"
            },
            {
                "id": "9",
                "url": "https://assets.myntassets.com/dpr_2,q_60,w_210,c_limit,fl_progressive/assets/images/2239539/2017/11/23/11511427665619-pink-woman-Women-Pink-Solid-Tank-Top-431511427665490-1.jpg",
                "name": "Product 9",
                "basePrice": 99.99,
                "rating": 4,
                "size": "xl",
                "color": "pink",
                "price": 40,
                "thumbnail": "9.jpg",
                "productType": "regular",
               "productUrl":"/product/prd-12",
                "description": "New Minerva LumaTech™ V-Tee"
            },
            {
                "id": "10",
                "url": "https://assets.myntassets.com/dpr_2,q_60,w_210,c_limit,fl_progressive/assets/images/10269523/2019/8/6/a2a1c8c1-9a83-4ec6-92cf-90b47e4c523a1565096297928-DOROTHY-PERKINS-Women-Tops-5401565096296321-1.jpg",
                "name": "Product 10",
                "basePrice": 99.99,
                "rating": 0,
                "size": "lg",
                "color": "red",
                "price": 27,
                "thumbnail": "10.jpg",
                "productType": "regular",
               "productUrl":"/product/prd-12",
                "description": "New Minerva LumaTech™ V-Tee"
            },
            {
                "id": "111",
                "url": "https://assets.myntassets.com/dpr_2,q_60,w_210,c_limit,fl_progressive/assets/images/11007200/2020/1/10/22ade46b-6554-4fe7-995e-1760e97a512c1578652872804-Mast--Harbour-Women-Tops-4801578652871315-1.jpg",
                "name": "Product 1",
                "basePrice": 99.99,
                "rating": 1,
                "size": "sm",
                "color": "red",
                "price": 35,
                "thumbnail": "1.jpg",
                "productType": "New",
               "productUrl":"/product/prd-12",
                "description": "Minerva LumaTech™ V-Tee"
            },
            {
                "id": "12",
                "url": "https://assets.myntassets.com/dpr_2,q_60,w_210,c_limit,fl_progressive/assets/images/5617727/2018/5/3/11525347102821-na-2741525347102612-1.jpg",
                "name": "Product 2",
                "basePrice": 99.99,
                "rating": 2,
                "size": "md",
                "color": "green",
                "price": 20,
                "thumbnail": "2.jpg",
                "productType": "New",
               "productUrl":"/product/prd-12",
                "description": "Minerva LumaTech™ V-Tee"
            },
            {
                "id": "13",
                "url": "https://assets.myntassets.com/dpr_2,q_60,w_210,c_limit,fl_progressive/assets/images/10238649/2019/8/13/095df2c2-edc8-4bf0-b931-ff8a15525d3d1565679141394-plusS-Women-Tops-9651565679139988-1.jpg",
                "name": "Product 3",
                "basePrice": 99.99,
                "rating": 3,
                "size": "xl",
                "color": "blue",
                "price": 25,
                "thumbnail": "3.jpg",
                "productType": "New",
               "productUrl":"/product/prd-12",
                "description": "Minerva LumaTech™ V-Tee"
            },
            {
                "id": "14",
                "url": "https://assets.myntassets.com/dpr_2,q_60,w_210,c_limit,fl_progressive/assets/images/productimage/2019/6/18/89e446fe-13d9-47d1-9e12-6b6cc5e76a831560853063297-1.jpg",
                "name": "Product 4",
                "basePrice": 99.99,
                "rating": 4,
                "size": "md",
                "color": "green",
                "price": 20,
                "thumbnail": "4.jpg",
                "productType": "regular",
               "productUrl":"/product/prd-12",
                "description": "New Minerva LumaTech™ V-Tee"
            },
            {
                "id": "17",
                "url": "https://assets.myntassets.com/dpr_2,q_60,w_210,c_limit,fl_progressive/assets/images/7211000/2018/8/23/f5e2a503-fd7f-4ae1-9232-b087e1999add1535008687470-na-6071535008687249-1.jpg",
                "name": "Product 7",
                "basePrice": 99.99,
                "rating": 2,
                "size": "md",
                "color": "green",
                "price": 20,
                "thumbnail": "7.jpg",
                "productType": "regular",
               "productUrl":"/product/prd-12",
                "description": "New Minerva LumaTech™ V-Tee"
            },
            {
                "id": "18",
                "url": "https://assets.myntassets.com/dpr_2,q_60,w_210,c_limit,fl_progressive/assets/images/10689646/2019/12/31/a0cc59ff-7eff-4d3a-b433-daa1fee2dee01577773692744-Park-Avenue-Women-Blue-Printed-Top-8321577773691173-1.jpg",
                "name": "Product 8",
                "basePrice": 99.99,
                "rating": 3,
                "size": "sm",
                "color": "blue",
                "price": 33,
                "thumbnail": "8.jpg",
                "productType": "regular",
               "productUrl":"/product/prd-12",
                "description": "New Minerva LumaTech™ V-Tee"
            },
            {
                "id": "19",
                "url": "https://assets.myntassets.com/dpr_2,q_60,w_210,c_limit,fl_progressive/assets/images/11002022/2020/2/7/177f13e4-f72c-453f-b49f-2ff07ca4830f1581047327297-DressBerry-Women-Tops-6771581047325196-1.jpg",
                "name": "Product 9",
                "basePrice": 99.99,
                "rating": 4,
                "size": "xl",
                "color": "pink",
                "price": 38,
                "thumbnail": "9.jpg",
                "productType": "regular",
               "productUrl":"/product/prd-12",
                "description": "New Minerva LumaTech™ V-Tee"
            },
            {
                "id": "1",
                "url": "https://assets.myntassets.com/dpr_2,q_60,w_210,c_limit,fl_progressive/assets/images/11002022/2020/2/7/177f13e4-f72c-453f-b49f-2ff07ca4830f1581047327297-DressBerry-Women-Tops-6771581047325196-1.jpg",
                "name": "Product 1",
                "basePrice": 99.99,
                "rating": 1,
                "size": "sm",
                "color": "red",
                "price": 55,
                "thumbnail": "1.jpg",
                "productType": "New",
               "productUrl":"/product/prd-12",
                "description": "Minerva LumaTech™ V-Tee"
            },
            {
                "id": "2",
                "url": "https://assets.myntassets.com/dpr_2,q_60,w_210,c_limit,fl_progressive/assets/images/11306852/2020/2/3/97b85c73-2f0b-4000-884f-b1b7860a19e11580725524233-Moda-Rapido-Women-Red-Printed-Top-831580725522837-1.jpg",
                "name": "Product 2",
                "basePrice": 99.99,
                "rating": 2,
                "size": "md",
                "color": "red",
                "price": 80,
                "thumbnail": "2.jpg",
                "productType": "New",
               "productUrl":"/product/prd-12",
                "description": "Minerva LumaTech™ V-Tee"
            },
            {
                "id": "3",
                "url": "https://assets.myntassets.com/dpr_2,q_60,w_210,c_limit,fl_progressive/assets/images/1694606/2016/12/20/11482216827596-Pannkh-Women-Tops-1191482216827411-1.jpg",
                "name": "Product 3",
                "basePrice": 99.99,
                "rating": 3,
                "size": "xl",
                "color": "red",
                "price": 125,
                "thumbnail": "3.jpg",
                "productType": "New",
               "productUrl":"/product/prd-12",
                "description": "Minerva LumaTech™ V-Tee"
            },
            {
                "id": "4",
                "url": "https://assets.myntassets.com/dpr_2,q_60,w_210,c_limit,fl_progressive/assets/images/10237909/2019/7/25/deead2a1-b0fc-480b-8897-86cc96002cf41564038625708-Style-Quotient-Women-Green-Solid-A-Line-Top-8161564038624176-1.jpg",
                "name": "Product 4",
                "basePrice": 99.99,
                "rating": 4,
                "size": "md",
                "color": "green",
                "price": 20,
                "thumbnail": "4.jpg",
                "productType": "regular",
               "productUrl":"/product/prd-12",
                "description": "New Minerva LumaTech™ V-Tee"
            },
            {
                "id": "6",
                "url": "https://assets.myntassets.com/dpr_2,q_60,w_210,c_limit,fl_progressive/assets/images/8384591/2019/1/16/859c2564-fa94-4d93-a1fc-28efbbd11fb61547620058989-The-Pink-Moon-Women-Tops-4141547620057676-1.jpg",
                "name": "Product 6",
                "basePrice": 99.99,
                "rating": 1,
                "size": "sm",
                "color": "pink",
                "price": 30,
                "thumbnail": "6.jpg",
                "productType": "regular",
               "productUrl":"/product/prd-12",
                "description": "New Minerva LumaTech™ V-Tee"
            },
            {
                "id": "7",
                "url": "https://assets.myntassets.com/dpr_2,q_60,w_210,c_limit,fl_progressive/assets/images/1484736/2016/8/23/11471948120944-The-Vanca-Women-Tops-5881471948120739-1.jpg",
                "name": "Product 7",
                "basePrice": 99.99,
                "rating": 2,
                "size": "md",
                "color": "green",
                "price": 180,
                "thumbnail": "7.jpg",
                "productType": "regular",
               "productUrl":"/product/prd-12",
                "description": "New Minerva LumaTech™ V-Tee"
            },
            {
                "id": "8",
                "url": "https://assets.myntassets.com/dpr_2,q_60,w_210,c_limit,fl_progressive/assets/images/10874206/2019/11/15/0ad040f0-6018-4b66-8ad6-c3037ce52f511573811326501-AND-Women-Tops-6471573811323717-1.jpg",
                "name": "Product 8",
                "basePrice": 99.99,
                "rating": 3,
                "size": "sm",
                "color": "blue",
                "price": 33,
                "thumbnail": "8.jpg",
                "productType": "regular",
               "productUrl":"/product/prd-12",
                "description": "New Minerva LumaTech™ V-Tee"
            },
            {
                "id": "9",
                "url": "https://assets.myntassets.com/dpr_2,q_60,w_210,c_limit,fl_progressive/assets/images/2239539/2017/11/23/11511427665619-pink-woman-Women-Pink-Solid-Tank-Top-431511427665490-1.jpg",
                "name": "Product 9",
                "basePrice": 99.99,
                "rating": 4,
                "size": "xl",
                "color": "pink",
                "price": 40,
                "thumbnail": "9.jpg",
                "productType": "regular",
               "productUrl":"/product/prd-12",
                "description": "New Minerva LumaTech™ V-Tee"
            },
            {
                "id": "10",
                "url": "https://assets.myntassets.com/dpr_2,q_60,w_210,c_limit,fl_progressive/assets/images/10269523/2019/8/6/a2a1c8c1-9a83-4ec6-92cf-90b47e4c523a1565096297928-DOROTHY-PERKINS-Women-Tops-5401565096296321-1.jpg",
                "name": "Product 10",
                "basePrice": 99.99,
                "rating": 0,
                "size": "lg",
                "color": "red",
                "price": 27,
                "thumbnail": "10.jpg",
                "productType": "regular",
               "productUrl":"/product/prd-12",
                "description": "New Minerva LumaTech™ V-Tee"
            },
            {
                "id": "111",
                "url": "https://assets.myntassets.com/dpr_2,q_60,w_210,c_limit,fl_progressive/assets/images/11007200/2020/1/10/22ade46b-6554-4fe7-995e-1760e97a512c1578652872804-Mast--Harbour-Women-Tops-4801578652871315-1.jpg",
                "name": "Product 1",
                "basePrice": 99.99,
                "rating": 1,
                "size": "sm",
                "color": "red",
                "price": 35,
                "thumbnail": "1.jpg",
                "productType": "New",
               "productUrl":"/product/prd-12",
                "description": "Minerva LumaTech™ V-Tee"
            },
            {
                "id": "12",
                "url": "https://assets.myntassets.com/dpr_2,q_60,w_210,c_limit,fl_progressive/assets/images/5617727/2018/5/3/11525347102821-na-2741525347102612-1.jpg",
                "name": "Product 2",
                "basePrice": 99.99,
                "rating": 2,
                "size": "md",
                "color": "green",
                "price": 20,
                "thumbnail": "2.jpg",
                "productType": "New",
               "productUrl":"/product/prd-12",
                "description": "Minerva LumaTech™ V-Tee"
            },
            {
                "id": "13",
                "url": "https://assets.myntassets.com/dpr_2,q_60,w_210,c_limit,fl_progressive/assets/images/10238649/2019/8/13/095df2c2-edc8-4bf0-b931-ff8a15525d3d1565679141394-plusS-Women-Tops-9651565679139988-1.jpg",
                "name": "Product 3",
                "basePrice": 99.99,
                "rating": 3,
                "size": "xl",
                "color": "blue",
                "price": 25,
                "thumbnail": "3.jpg",
                "productType": "New",
               "productUrl":"/product/prd-12",
                "description": "Minerva LumaTech™ V-Tee"
            },
            {
                "id": "14",
                "url": "https://assets.myntassets.com/dpr_2,q_60,w_210,c_limit,fl_progressive/assets/images/productimage/2019/6/18/89e446fe-13d9-47d1-9e12-6b6cc5e76a831560853063297-1.jpg",
                "name": "Product 4",
                "basePrice": 99.99,
                "rating": 4,
                "size": "md",
                "color": "green",
                "price": 20,
                "thumbnail": "4.jpg",
                "productType": "regular",
               "productUrl":"/product/prd-12",
                "description": "New Minerva LumaTech™ V-Tee"
            },
            {
                "id": "17",
                "url": "https://assets.myntassets.com/dpr_2,q_60,w_210,c_limit,fl_progressive/assets/images/7211000/2018/8/23/f5e2a503-fd7f-4ae1-9232-b087e1999add1535008687470-na-6071535008687249-1.jpg",
                "name": "Product 7",
                "basePrice": 99.99,
                "rating": 2,
                "size": "md",
                "color": "green",
                "price": 20,
                "thumbnail": "7.jpg",
                "productType": "regular",
               "productUrl":"/product/prd-12",
                "description": "New Minerva LumaTech™ V-Tee"
            },
            {
                "id": "18",
                "url": "https://assets.myntassets.com/dpr_2,q_60,w_210,c_limit,fl_progressive/assets/images/10689646/2019/12/31/a0cc59ff-7eff-4d3a-b433-daa1fee2dee01577773692744-Park-Avenue-Women-Blue-Printed-Top-8321577773691173-1.jpg",
                "name": "Product 8",
                "basePrice": 99.99,
                "rating": 3,
                "size": "sm",
                "color": "blue",
                "price": 33,
                "thumbnail": "8.jpg",
                "productType": "regular",
               "productUrl":"/product/prd-12",
                "description": "New Minerva LumaTech™ V-Tee"
            },
            {
                "id": "19",
                "url": "https://assets.myntassets.com/dpr_2,q_60,w_210,c_limit,fl_progressive/assets/images/11002022/2020/2/7/177f13e4-f72c-453f-b49f-2ff07ca4830f1581047327297-DressBerry-Women-Tops-6771581047325196-1.jpg",
                "name": "Product 9",
                "basePrice": 99.99,
                "rating": 4,
                "size": "xl",
                "color": "pink",
                "price": 38,
                "thumbnail": "9.jpg",
                "productType": "regular",
               "productUrl":"/product/prd-12",
                "description": "New Minerva LumaTech™ V-Tee"
            },
            {
                "id": "1",
                "url": "https://assets.myntassets.com/dpr_2,q_60,w_210,c_limit,fl_progressive/assets/images/11002022/2020/2/7/177f13e4-f72c-453f-b49f-2ff07ca4830f1581047327297-DressBerry-Women-Tops-6771581047325196-1.jpg",
                "name": "Product 1",
                "basePrice": 99.99,
                "rating": 1,
                "size": "sm",
                "color": "red",
                "price": 55,
                "thumbnail": "1.jpg",
                "productType": "New",
               "productUrl":"/product/prd-12",
                "description": "Minerva LumaTech™ V-Tee"
            },
            {
                "id": "2",
                "url": "https://assets.myntassets.com/dpr_2,q_60,w_210,c_limit,fl_progressive/assets/images/11306852/2020/2/3/97b85c73-2f0b-4000-884f-b1b7860a19e11580725524233-Moda-Rapido-Women-Red-Printed-Top-831580725522837-1.jpg",
                "name": "Product 2",
                "basePrice": 99.99,
                "rating": 2,
                "size": "md",
                "color": "red",
                "price": 80,
                "thumbnail": "2.jpg",
                "productType": "New",
               "productUrl":"/product/prd-12",
                "description": "Minerva LumaTech™ V-Tee"
            },
            {
                "id": "3",
                "url": "https://assets.myntassets.com/dpr_2,q_60,w_210,c_limit,fl_progressive/assets/images/1694606/2016/12/20/11482216827596-Pannkh-Women-Tops-1191482216827411-1.jpg",
                "name": "Product 3",
                "basePrice": 99.99,
                "rating": 3,
                "size": "xl",
                "color": "red",
                "price": 125,
                "thumbnail": "3.jpg",
                "productType": "New",
               "productUrl":"/product/prd-12",
                "description": "Minerva LumaTech™ V-Tee"
            },
            {
                "id": "4",
                "url": "https://assets.myntassets.com/dpr_2,q_60,w_210,c_limit,fl_progressive/assets/images/10237909/2019/7/25/deead2a1-b0fc-480b-8897-86cc96002cf41564038625708-Style-Quotient-Women-Green-Solid-A-Line-Top-8161564038624176-1.jpg",
                "name": "Product 4",
                "basePrice": 99.99,
                "rating": 4,
                "size": "md",
                "color": "green",
                "price": 20,
                "thumbnail": "4.jpg",
                "productType": "regular",
               "productUrl":"/product/prd-12",
                "description": "New Minerva LumaTech™ V-Tee"
            },
            {
                "id": "6",
                "url": "https://assets.myntassets.com/dpr_2,q_60,w_210,c_limit,fl_progressive/assets/images/8384591/2019/1/16/859c2564-fa94-4d93-a1fc-28efbbd11fb61547620058989-The-Pink-Moon-Women-Tops-4141547620057676-1.jpg",
                "name": "Product 6",
                "basePrice": 99.99,
                "rating": 1,
                "size": "sm",
                "color": "pink",
                "price": 30,
                "thumbnail": "6.jpg",
                "productType": "regular",
               "productUrl":"/product/prd-12",
                "description": "New Minerva LumaTech™ V-Tee"
            },
            {
                "id": "7",
                "url": "https://assets.myntassets.com/dpr_2,q_60,w_210,c_limit,fl_progressive/assets/images/1484736/2016/8/23/11471948120944-The-Vanca-Women-Tops-5881471948120739-1.jpg",
                "name": "Product 7",
                "basePrice": 99.99,
                "rating": 2,
                "size": "md",
                "color": "green",
                "price": 180,
                "thumbnail": "7.jpg",
                "productType": "regular",
               "productUrl":"/product/prd-12",
                "description": "New Minerva LumaTech™ V-Tee"
            },
            {
                "id": "8",
                "url": "https://assets.myntassets.com/dpr_2,q_60,w_210,c_limit,fl_progressive/assets/images/10874206/2019/11/15/0ad040f0-6018-4b66-8ad6-c3037ce52f511573811326501-AND-Women-Tops-6471573811323717-1.jpg",
                "name": "Product 8",
                "basePrice": 99.99,
                "rating": 3,
                "size": "sm",
                "color": "blue",
                "price": 33,
                "thumbnail": "8.jpg",
                "productType": "regular",
               "productUrl":"/product/prd-12",
                "description": "New Minerva LumaTech™ V-Tee"
            },
            {
                "id": "9",
                "url": "https://assets.myntassets.com/dpr_2,q_60,w_210,c_limit,fl_progressive/assets/images/2239539/2017/11/23/11511427665619-pink-woman-Women-Pink-Solid-Tank-Top-431511427665490-1.jpg",
                "name": "Product 9",
                "basePrice": 99.99,
                "rating": 4,
                "size": "xl",
                "color": "pink",
                "price": 40,
                "thumbnail": "9.jpg",
                "productType": "regular",
               "productUrl":"/product/prd-12",
                "description": "New Minerva LumaTech™ V-Tee"
            },
            {
                "id": "10",
                "url": "https://assets.myntassets.com/dpr_2,q_60,w_210,c_limit,fl_progressive/assets/images/10269523/2019/8/6/a2a1c8c1-9a83-4ec6-92cf-90b47e4c523a1565096297928-DOROTHY-PERKINS-Women-Tops-5401565096296321-1.jpg",
                "name": "Product 10",
                "basePrice": 99.99,
                "rating": 0,
                "size": "lg",
                "color": "red",
                "price": 27,
                "thumbnail": "10.jpg",
                "productType": "regular",
               "productUrl":"/product/prd-12",
                "description": "New Minerva LumaTech™ V-Tee"
            },
            {
                "id": "111",
                "url": "https://assets.myntassets.com/dpr_2,q_60,w_210,c_limit,fl_progressive/assets/images/11007200/2020/1/10/22ade46b-6554-4fe7-995e-1760e97a512c1578652872804-Mast--Harbour-Women-Tops-4801578652871315-1.jpg",
                "name": "Product 1",
                "basePrice": 99.99,
                "rating": 1,
                "size": "sm",
                "color": "red",
                "price": 35,
                "thumbnail": "1.jpg",
                "productType": "New",
               "productUrl":"/product/prd-12",
                "description": "Minerva LumaTech™ V-Tee"
            },
            {
                "id": "12",
                "url": "https://assets.myntassets.com/dpr_2,q_60,w_210,c_limit,fl_progressive/assets/images/5617727/2018/5/3/11525347102821-na-2741525347102612-1.jpg",
                "name": "Product 2",
                "basePrice": 99.99,
                "rating": 2,
                "size": "md",
                "color": "green",
                "price": 20,
                "thumbnail": "2.jpg",
                "productType": "New",
               "productUrl":"/product/prd-12",
                "description": "Minerva LumaTech™ V-Tee"
            },
            {
                "id": "13",
                "url": "https://assets.myntassets.com/dpr_2,q_60,w_210,c_limit,fl_progressive/assets/images/10238649/2019/8/13/095df2c2-edc8-4bf0-b931-ff8a15525d3d1565679141394-plusS-Women-Tops-9651565679139988-1.jpg",
                "name": "Product 3",
                "basePrice": 99.99,
                "rating": 3,
                "size": "xl",
                "color": "blue",
                "price": 25,
                "thumbnail": "3.jpg",
                "productType": "New",
               "productUrl":"/product/prd-12",
                "description": "Minerva LumaTech™ V-Tee"
            },
            {
                "id": "14",
                "url": "https://assets.myntassets.com/dpr_2,q_60,w_210,c_limit,fl_progressive/assets/images/productimage/2019/6/18/89e446fe-13d9-47d1-9e12-6b6cc5e76a831560853063297-1.jpg",
                "name": "Product 4",
                "basePrice": 99.99,
                "rating": 4,
                "size": "md",
                "color": "green",
                "price": 20,
                "thumbnail": "4.jpg",
                "productType": "regular",
               "productUrl":"/product/prd-12",
                "description": "New Minerva LumaTech™ V-Tee"
            },
            {
                "id": "17",
                "url": "https://assets.myntassets.com/dpr_2,q_60,w_210,c_limit,fl_progressive/assets/images/7211000/2018/8/23/f5e2a503-fd7f-4ae1-9232-b087e1999add1535008687470-na-6071535008687249-1.jpg",
                "name": "Product 7",
                "basePrice": 99.99,
                "rating": 2,
                "size": "md",
                "color": "green",
                "price": 20,
                "thumbnail": "7.jpg",
                "productType": "regular",
               "productUrl":"/product/prd-12",
                "description": "New Minerva LumaTech™ V-Tee"
            },
            {
                "id": "18",
                "url": "https://assets.myntassets.com/dpr_2,q_60,w_210,c_limit,fl_progressive/assets/images/10689646/2019/12/31/a0cc59ff-7eff-4d3a-b433-daa1fee2dee01577773692744-Park-Avenue-Women-Blue-Printed-Top-8321577773691173-1.jpg",
                "name": "Product 8",
                "basePrice": 99.99,
                "rating": 3,
                "size": "sm",
                "color": "blue",
                "price": 33,
                "thumbnail": "8.jpg",
                "productType": "regular",
               "productUrl":"/product/prd-12",
                "description": "New Minerva LumaTech™ V-Tee"
            },
            {
                "id": "19",
                "url": "https://assets.myntassets.com/dpr_2,q_60,w_210,c_limit,fl_progressive/assets/images/11002022/2020/2/7/177f13e4-f72c-453f-b49f-2ff07ca4830f1581047327297-DressBerry-Women-Tops-6771581047325196-1.jpg",
                "name": "Product 9",
                "basePrice": 99.99,
                "rating": 4,
                "size": "xl",
                "color": "pink",
                "price": 38,
                "thumbnail": "9.jpg",
                "productType": "regular",
               "productUrl":"/product/prd-12",
                "description": "New Minerva LumaTech™ V-Tee"
            },
            {
                "id": "1",
                "url": "https://assets.myntassets.com/dpr_2,q_60,w_210,c_limit,fl_progressive/assets/images/11002022/2020/2/7/177f13e4-f72c-453f-b49f-2ff07ca4830f1581047327297-DressBerry-Women-Tops-6771581047325196-1.jpg",
                "name": "Product 1",
                "basePrice": 99.99,
                "rating": 1,
                "size": "sm",
                "color": "red",
                "price": 55,
                "thumbnail": "1.jpg",
                "productType": "New",
               "productUrl":"/product/prd-12",
                "description": "Minerva LumaTech™ V-Tee"
            },
            {
                "id": "2",
                "url": "https://assets.myntassets.com/dpr_2,q_60,w_210,c_limit,fl_progressive/assets/images/11306852/2020/2/3/97b85c73-2f0b-4000-884f-b1b7860a19e11580725524233-Moda-Rapido-Women-Red-Printed-Top-831580725522837-1.jpg",
                "name": "Product 2",
                "basePrice": 99.99,
                "rating": 2,
                "size": "md",
                "color": "red",
                "price": 80,
                "thumbnail": "2.jpg",
                "productType": "New",
               "productUrl":"/product/prd-12",
                "description": "Minerva LumaTech™ V-Tee"
            },
            {
                "id": "3",
                "url": "https://assets.myntassets.com/dpr_2,q_60,w_210,c_limit,fl_progressive/assets/images/1694606/2016/12/20/11482216827596-Pannkh-Women-Tops-1191482216827411-1.jpg",
                "name": "Product 3",
                "basePrice": 99.99,
                "rating": 3,
                "size": "xl",
                "color": "red",
                "price": 125,
                "thumbnail": "3.jpg",
                "productType": "New",
               "productUrl":"/product/prd-12",
                "description": "Minerva LumaTech™ V-Tee"
            },
            {
                "id": "4",
                "url": "https://assets.myntassets.com/dpr_2,q_60,w_210,c_limit,fl_progressive/assets/images/10237909/2019/7/25/deead2a1-b0fc-480b-8897-86cc96002cf41564038625708-Style-Quotient-Women-Green-Solid-A-Line-Top-8161564038624176-1.jpg",
                "name": "Product 4",
                "basePrice": 99.99,
                "rating": 4,
                "size": "md",
                "color": "green",
                "price": 20,
                "thumbnail": "4.jpg",
                "productType": "regular",
               "productUrl":"/product/prd-12",
                "description": "New Minerva LumaTech™ V-Tee"
            },
            {
                "id": "6",
                "url": "https://assets.myntassets.com/dpr_2,q_60,w_210,c_limit,fl_progressive/assets/images/8384591/2019/1/16/859c2564-fa94-4d93-a1fc-28efbbd11fb61547620058989-The-Pink-Moon-Women-Tops-4141547620057676-1.jpg",
                "name": "Product 6",
                "basePrice": 99.99,
                "rating": 1,
                "size": "sm",
                "color": "pink",
                "price": 30,
                "thumbnail": "6.jpg",
                "productType": "regular",
               "productUrl":"/product/prd-12",
                "description": "New Minerva LumaTech™ V-Tee"
            },
            {
                "id": "7",
                "url": "https://assets.myntassets.com/dpr_2,q_60,w_210,c_limit,fl_progressive/assets/images/1484736/2016/8/23/11471948120944-The-Vanca-Women-Tops-5881471948120739-1.jpg",
                "name": "Product 7",
                "basePrice": 99.99,
                "rating": 2,
                "size": "md",
                "color": "green",
                "price": 180,
                "thumbnail": "7.jpg",
                "productType": "regular",
               "productUrl":"/product/prd-12",
                "description": "New Minerva LumaTech™ V-Tee"
            },
            {
                "id": "8",
                "url": "https://assets.myntassets.com/dpr_2,q_60,w_210,c_limit,fl_progressive/assets/images/10874206/2019/11/15/0ad040f0-6018-4b66-8ad6-c3037ce52f511573811326501-AND-Women-Tops-6471573811323717-1.jpg",
                "name": "Product 8",
                "basePrice": 99.99,
                "rating": 3,
                "size": "sm",
                "color": "blue",
                "price": 33,
                "thumbnail": "8.jpg",
                "productType": "regular",
               "productUrl":"/product/prd-12",
                "description": "New Minerva LumaTech™ V-Tee"
            },
            {
                "id": "9",
                "url": "https://assets.myntassets.com/dpr_2,q_60,w_210,c_limit,fl_progressive/assets/images/2239539/2017/11/23/11511427665619-pink-woman-Women-Pink-Solid-Tank-Top-431511427665490-1.jpg",
                "name": "Product 9",
                "basePrice": 99.99,
                "rating": 4,
                "size": "xl",
                "color": "pink",
                "price": 40,
                "thumbnail": "9.jpg",
                "productType": "regular",
               "productUrl":"/product/prd-12",
                "description": "New Minerva LumaTech™ V-Tee"
            },
            {
                "id": "10",
                "url": "https://assets.myntassets.com/dpr_2,q_60,w_210,c_limit,fl_progressive/assets/images/10269523/2019/8/6/a2a1c8c1-9a83-4ec6-92cf-90b47e4c523a1565096297928-DOROTHY-PERKINS-Women-Tops-5401565096296321-1.jpg",
                "name": "Product 10",
                "basePrice": 99.99,
                "rating": 0,
                "size": "lg",
                "color": "red",
                "price": 27,
                "thumbnail": "10.jpg",
                "productType": "regular",
               "productUrl":"/product/prd-12",
                "description": "New Minerva LumaTech™ V-Tee"
            },
            {
                "id": "111",
                "url": "https://assets.myntassets.com/dpr_2,q_60,w_210,c_limit,fl_progressive/assets/images/11007200/2020/1/10/22ade46b-6554-4fe7-995e-1760e97a512c1578652872804-Mast--Harbour-Women-Tops-4801578652871315-1.jpg",
                "name": "Product 1",
                "basePrice": 99.99,
                "rating": 1,
                "size": "sm",
                "color": "red",
                "price": 35,
                "thumbnail": "1.jpg",
                "productType": "New",
               "productUrl":"/product/prd-12",
                "description": "Minerva LumaTech™ V-Tee"
            },
            {
                "id": "12",
                "url": "https://assets.myntassets.com/dpr_2,q_60,w_210,c_limit,fl_progressive/assets/images/5617727/2018/5/3/11525347102821-na-2741525347102612-1.jpg",
                "name": "Product 2",
                "basePrice": 99.99,
                "rating": 2,
                "size": "md",
                "color": "green",
                "price": 20,
                "thumbnail": "2.jpg",
                "productType": "New",
               "productUrl":"/product/prd-12",
                "description": "Minerva LumaTech™ V-Tee"
            },
            {
                "id": "13",
                "url": "https://assets.myntassets.com/dpr_2,q_60,w_210,c_limit,fl_progressive/assets/images/10238649/2019/8/13/095df2c2-edc8-4bf0-b931-ff8a15525d3d1565679141394-plusS-Women-Tops-9651565679139988-1.jpg",
                "name": "Product 3",
                "basePrice": 99.99,
                "rating": 3,
                "size": "xl",
                "color": "blue",
                "price": 25,
                "thumbnail": "3.jpg",
                "productType": "New",
               "productUrl":"/product/prd-12",
                "description": "Minerva LumaTech™ V-Tee"
            },
            {
                "id": "14",
                "url": "https://assets.myntassets.com/dpr_2,q_60,w_210,c_limit,fl_progressive/assets/images/productimage/2019/6/18/89e446fe-13d9-47d1-9e12-6b6cc5e76a831560853063297-1.jpg",
                "name": "Product 4",
                "basePrice": 99.99,
                "rating": 4,
                "size": "md",
                "color": "green",
                "price": 20,
                "thumbnail": "4.jpg",
                "productType": "regular",
               "productUrl":"/product/prd-12",
                "description": "New Minerva LumaTech™ V-Tee"
            },
            {
                "id": "17",
                "url": "https://assets.myntassets.com/dpr_2,q_60,w_210,c_limit,fl_progressive/assets/images/7211000/2018/8/23/f5e2a503-fd7f-4ae1-9232-b087e1999add1535008687470-na-6071535008687249-1.jpg",
                "name": "Product 7",
                "basePrice": 99.99,
                "rating": 2,
                "size": "md",
                "color": "green",
                "price": 20,
                "thumbnail": "7.jpg",
                "productType": "regular",
               "productUrl":"/product/prd-12",
                "description": "New Minerva LumaTech™ V-Tee"
            },
            {
                "id": "18",
                "url": "https://assets.myntassets.com/dpr_2,q_60,w_210,c_limit,fl_progressive/assets/images/10689646/2019/12/31/a0cc59ff-7eff-4d3a-b433-daa1fee2dee01577773692744-Park-Avenue-Women-Blue-Printed-Top-8321577773691173-1.jpg",
                "name": "Product 8",
                "basePrice": 99.99,
                "rating": 3,
                "size": "sm",
                "color": "blue",
                "price": 33,
                "thumbnail": "8.jpg",
                "productType": "regular",
               "productUrl":"/product/prd-12",
                "description": "New Minerva LumaTech™ V-Tee"
            },
            {
                "id": "19",
                "url": "https://assets.myntassets.com/dpr_2,q_60,w_210,c_limit,fl_progressive/assets/images/11002022/2020/2/7/177f13e4-f72c-453f-b49f-2ff07ca4830f1581047327297-DressBerry-Women-Tops-6771581047325196-1.jpg",
                "name": "Product 9",
                "basePrice": 99.99,
                "rating": 4,
                "size": "xl",
                "color": "pink",
                "price": 38,
                "thumbnail": "9.jpg",
                "productType": "regular",
               "productUrl":"/product/prd-12",
                "description": "New Minerva LumaTech™ V-Tee"
            },
            {
                "id": "1",
                "url": "https://assets.myntassets.com/dpr_2,q_60,w_210,c_limit,fl_progressive/assets/images/11002022/2020/2/7/177f13e4-f72c-453f-b49f-2ff07ca4830f1581047327297-DressBerry-Women-Tops-6771581047325196-1.jpg",
                "name": "Product 1",
                "basePrice": 99.99,
                "rating": 1,
                "size": "sm",
                "color": "red",
                "price": 55,
                "thumbnail": "1.jpg",
                "productType": "New",
               "productUrl":"/product/prd-12",
                "description": "Minerva LumaTech™ V-Tee"
            },
            {
                "id": "2",
                "url": "https://assets.myntassets.com/dpr_2,q_60,w_210,c_limit,fl_progressive/assets/images/11306852/2020/2/3/97b85c73-2f0b-4000-884f-b1b7860a19e11580725524233-Moda-Rapido-Women-Red-Printed-Top-831580725522837-1.jpg",
                "name": "Product 2",
                "basePrice": 99.99,
                "rating": 2,
                "size": "md",
                "color": "red",
                "price": 80,
                "thumbnail": "2.jpg",
                "productType": "New",
               "productUrl":"/product/prd-12",
                "description": "Minerva LumaTech™ V-Tee"
            },
            {
                "id": "3",
                "url": "https://assets.myntassets.com/dpr_2,q_60,w_210,c_limit,fl_progressive/assets/images/1694606/2016/12/20/11482216827596-Pannkh-Women-Tops-1191482216827411-1.jpg",
                "name": "Product 3",
                "basePrice": 99.99,
                "rating": 3,
                "size": "xl",
                "color": "red",
                "price": 125,
                "thumbnail": "3.jpg",
                "productType": "New",
               "productUrl":"/product/prd-12",
                "description": "Minerva LumaTech™ V-Tee"
            },
            {
                "id": "4",
                "url": "https://assets.myntassets.com/dpr_2,q_60,w_210,c_limit,fl_progressive/assets/images/10237909/2019/7/25/deead2a1-b0fc-480b-8897-86cc96002cf41564038625708-Style-Quotient-Women-Green-Solid-A-Line-Top-8161564038624176-1.jpg",
                "name": "Product 4",
                "basePrice": 99.99,
                "rating": 4,
                "size": "md",
                "color": "green",
                "price": 20,
                "thumbnail": "4.jpg",
                "productType": "regular",
               "productUrl":"/product/prd-12",
                "description": "New Minerva LumaTech™ V-Tee"
            },
            {
                "id": "6",
                "url": "https://assets.myntassets.com/dpr_2,q_60,w_210,c_limit,fl_progressive/assets/images/8384591/2019/1/16/859c2564-fa94-4d93-a1fc-28efbbd11fb61547620058989-The-Pink-Moon-Women-Tops-4141547620057676-1.jpg",
                "name": "Product 6",
                "basePrice": 99.99,
                "rating": 1,
                "size": "sm",
                "color": "pink",
                "price": 30,
                "thumbnail": "6.jpg",
                "productType": "regular",
               "productUrl":"/product/prd-12",
                "description": "New Minerva LumaTech™ V-Tee"
            },
            {
                "id": "7",
                "url": "https://assets.myntassets.com/dpr_2,q_60,w_210,c_limit,fl_progressive/assets/images/1484736/2016/8/23/11471948120944-The-Vanca-Women-Tops-5881471948120739-1.jpg",
                "name": "Product 7",
                "basePrice": 99.99,
                "rating": 2,
                "size": "md",
                "color": "green",
                "price": 180,
                "thumbnail": "7.jpg",
                "productType": "regular",
               "productUrl":"/product/prd-12",
                "description": "New Minerva LumaTech™ V-Tee"
            },
            {
                "id": "8",
                "url": "https://assets.myntassets.com/dpr_2,q_60,w_210,c_limit,fl_progressive/assets/images/10874206/2019/11/15/0ad040f0-6018-4b66-8ad6-c3037ce52f511573811326501-AND-Women-Tops-6471573811323717-1.jpg",
                "name": "Product 8",
                "basePrice": 99.99,
                "rating": 3,
                "size": "sm",
                "color": "blue",
                "price": 33,
                "thumbnail": "8.jpg",
                "productType": "regular",
               "productUrl":"/product/prd-12",
                "description": "New Minerva LumaTech™ V-Tee"
            },
            {
                "id": "9",
                "url": "https://assets.myntassets.com/dpr_2,q_60,w_210,c_limit,fl_progressive/assets/images/2239539/2017/11/23/11511427665619-pink-woman-Women-Pink-Solid-Tank-Top-431511427665490-1.jpg",
                "name": "Product 9",
                "basePrice": 99.99,
                "rating": 4,
                "size": "xl",
                "color": "pink",
                "price": 40,
                "thumbnail": "9.jpg",
                "productType": "regular",
               "productUrl":"/product/prd-12",
                "description": "New Minerva LumaTech™ V-Tee"
            },
            {
                "id": "10",
                "url": "https://assets.myntassets.com/dpr_2,q_60,w_210,c_limit,fl_progressive/assets/images/10269523/2019/8/6/a2a1c8c1-9a83-4ec6-92cf-90b47e4c523a1565096297928-DOROTHY-PERKINS-Women-Tops-5401565096296321-1.jpg",
                "name": "Product 10",
                "basePrice": 99.99,
                "rating": 0,
                "size": "lg",
                "color": "red",
                "price": 27,
                "thumbnail": "10.jpg",
                "productType": "regular",
               "productUrl":"/product/prd-12",
                "description": "New Minerva LumaTech™ V-Tee"
            },
            {
                "id": "111",
                "url": "https://assets.myntassets.com/dpr_2,q_60,w_210,c_limit,fl_progressive/assets/images/11007200/2020/1/10/22ade46b-6554-4fe7-995e-1760e97a512c1578652872804-Mast--Harbour-Women-Tops-4801578652871315-1.jpg",
                "name": "Product 1",
                "basePrice": 99.99,
                "rating": 1,
                "size": "sm",
                "color": "red",
                "price": 35,
                "thumbnail": "1.jpg",
                "productType": "New",
               "productUrl":"/product/prd-12",
                "description": "Minerva LumaTech™ V-Tee"
            },
            {
                "id": "12",
                "url": "https://assets.myntassets.com/dpr_2,q_60,w_210,c_limit,fl_progressive/assets/images/5617727/2018/5/3/11525347102821-na-2741525347102612-1.jpg",
                "name": "Product 2",
                "basePrice": 99.99,
                "rating": 2,
                "size": "md",
                "color": "green",
                "price": 20,
                "thumbnail": "2.jpg",
                "productType": "New",
               "productUrl":"/product/prd-12",
                "description": "Minerva LumaTech™ V-Tee"
            },
            {
                "id": "13",
                "url": "https://assets.myntassets.com/dpr_2,q_60,w_210,c_limit,fl_progressive/assets/images/10238649/2019/8/13/095df2c2-edc8-4bf0-b931-ff8a15525d3d1565679141394-plusS-Women-Tops-9651565679139988-1.jpg",
                "name": "Product 3",
                "basePrice": 99.99,
                "rating": 3,
                "size": "xl",
                "color": "blue",
                "price": 25,
                "thumbnail": "3.jpg",
                "productType": "New",
               "productUrl":"/product/prd-12",
                "description": "Minerva LumaTech™ V-Tee"
            },
            {
                "id": "14",
                "url": "https://assets.myntassets.com/dpr_2,q_60,w_210,c_limit,fl_progressive/assets/images/productimage/2019/6/18/89e446fe-13d9-47d1-9e12-6b6cc5e76a831560853063297-1.jpg",
                "name": "Product 4",
                "basePrice": 99.99,
                "rating": 4,
                "size": "md",
                "color": "green",
                "price": 20,
                "thumbnail": "4.jpg",
                "productType": "regular",
               "productUrl":"/product/prd-12",
                "description": "New Minerva LumaTech™ V-Tee"
            },
            {
                "id": "17",
                "url": "https://assets.myntassets.com/dpr_2,q_60,w_210,c_limit,fl_progressive/assets/images/7211000/2018/8/23/f5e2a503-fd7f-4ae1-9232-b087e1999add1535008687470-na-6071535008687249-1.jpg",
                "name": "Product 7",
                "basePrice": 99.99,
                "rating": 2,
                "size": "md",
                "color": "green",
                "price": 20,
                "thumbnail": "7.jpg",
                "productType": "regular",
               "productUrl":"/product/prd-12",
                "description": "New Minerva LumaTech™ V-Tee"
            },
            {
                "id": "18",
                "url": "https://assets.myntassets.com/dpr_2,q_60,w_210,c_limit,fl_progressive/assets/images/10689646/2019/12/31/a0cc59ff-7eff-4d3a-b433-daa1fee2dee01577773692744-Park-Avenue-Women-Blue-Printed-Top-8321577773691173-1.jpg",
                "name": "Product 8",
                "basePrice": 99.99,
                "rating": 3,
                "size": "sm",
                "color": "blue",
                "price": 33,
                "thumbnail": "8.jpg",
                "productType": "regular",
               "productUrl":"/product/prd-12",
                "description": "New Minerva LumaTech™ V-Tee"
            },
            {
                "id": "19",
                "url": "https://assets.myntassets.com/dpr_2,q_60,w_210,c_limit,fl_progressive/assets/images/11002022/2020/2/7/177f13e4-f72c-453f-b49f-2ff07ca4830f1581047327297-DressBerry-Women-Tops-6771581047325196-1.jpg",
                "name": "Product 9",
                "basePrice": 99.99,
                "rating": 4,
                "size": "xl",
                "color": "pink",
                "price": 38,
                "thumbnail": "9.jpg",
                "productType": "regular",
               "productUrl":"/product/prd-12",
                "description": "New Minerva LumaTech™ V-Tee"
            },
            {
                "id": "1",
                "url": "https://assets.myntassets.com/dpr_2,q_60,w_210,c_limit,fl_progressive/assets/images/11002022/2020/2/7/177f13e4-f72c-453f-b49f-2ff07ca4830f1581047327297-DressBerry-Women-Tops-6771581047325196-1.jpg",
                "name": "Product 1",
                "basePrice": 99.99,
                "rating": 1,
                "size": "sm",
                "color": "red",
                "price": 55,
                "thumbnail": "1.jpg",
                "productType": "New",
               "productUrl":"/product/prd-12",
                "description": "Minerva LumaTech™ V-Tee"
            },
            {
                "id": "2",
                "url": "https://assets.myntassets.com/dpr_2,q_60,w_210,c_limit,fl_progressive/assets/images/11306852/2020/2/3/97b85c73-2f0b-4000-884f-b1b7860a19e11580725524233-Moda-Rapido-Women-Red-Printed-Top-831580725522837-1.jpg",
                "name": "Product 2",
                "basePrice": 99.99,
                "rating": 2,
                "size": "md",
                "color": "red",
                "price": 80,
                "thumbnail": "2.jpg",
                "productType": "New",
               "productUrl":"/product/prd-12",
                "description": "Minerva LumaTech™ V-Tee"
            },
            {
                "id": "3",
                "url": "https://assets.myntassets.com/dpr_2,q_60,w_210,c_limit,fl_progressive/assets/images/1694606/2016/12/20/11482216827596-Pannkh-Women-Tops-1191482216827411-1.jpg",
                "name": "Product 3",
                "basePrice": 99.99,
                "rating": 3,
                "size": "xl",
                "color": "red",
                "price": 125,
                "thumbnail": "3.jpg",
                "productType": "New",
               "productUrl":"/product/prd-12",
                "description": "Minerva LumaTech™ V-Tee"
            },
            {
                "id": "4",
                "url": "https://assets.myntassets.com/dpr_2,q_60,w_210,c_limit,fl_progressive/assets/images/10237909/2019/7/25/deead2a1-b0fc-480b-8897-86cc96002cf41564038625708-Style-Quotient-Women-Green-Solid-A-Line-Top-8161564038624176-1.jpg",
                "name": "Product 4",
                "basePrice": 99.99,
                "rating": 4,
                "size": "md",
                "color": "green",
                "price": 20,
                "thumbnail": "4.jpg",
                "productType": "regular",
               "productUrl":"/product/prd-12",
                "description": "New Minerva LumaTech™ V-Tee"
            },
            {
                "id": "6",
                "url": "https://assets.myntassets.com/dpr_2,q_60,w_210,c_limit,fl_progressive/assets/images/8384591/2019/1/16/859c2564-fa94-4d93-a1fc-28efbbd11fb61547620058989-The-Pink-Moon-Women-Tops-4141547620057676-1.jpg",
                "name": "Product 6",
                "basePrice": 99.99,
                "rating": 1,
                "size": "sm",
                "color": "pink",
                "price": 30,
                "thumbnail": "6.jpg",
                "productType": "regular",
               "productUrl":"/product/prd-12",
                "description": "New Minerva LumaTech™ V-Tee"
            },
            {
                "id": "7",
                "url": "https://assets.myntassets.com/dpr_2,q_60,w_210,c_limit,fl_progressive/assets/images/1484736/2016/8/23/11471948120944-The-Vanca-Women-Tops-5881471948120739-1.jpg",
                "name": "Product 7",
                "basePrice": 99.99,
                "rating": 2,
                "size": "md",
                "color": "green",
                "price": 180,
                "thumbnail": "7.jpg",
                "productType": "regular",
               "productUrl":"/product/prd-12",
                "description": "New Minerva LumaTech™ V-Tee"
            },
            {
                "id": "8",
                "url": "https://assets.myntassets.com/dpr_2,q_60,w_210,c_limit,fl_progressive/assets/images/10874206/2019/11/15/0ad040f0-6018-4b66-8ad6-c3037ce52f511573811326501-AND-Women-Tops-6471573811323717-1.jpg",
                "name": "Product 8",
                "basePrice": 99.99,
                "rating": 3,
                "size": "sm",
                "color": "blue",
                "price": 33,
                "thumbnail": "8.jpg",
                "productType": "regular",
               "productUrl":"/product/prd-12",
                "description": "New Minerva LumaTech™ V-Tee"
            },
            {
                "id": "9",
                "url": "https://assets.myntassets.com/dpr_2,q_60,w_210,c_limit,fl_progressive/assets/images/2239539/2017/11/23/11511427665619-pink-woman-Women-Pink-Solid-Tank-Top-431511427665490-1.jpg",
                "name": "Product 9",
                "basePrice": 99.99,
                "rating": 4,
                "size": "xl",
                "color": "pink",
                "price": 40,
                "thumbnail": "9.jpg",
                "productType": "regular",
               "productUrl":"/product/prd-12",
                "description": "New Minerva LumaTech™ V-Tee"
            },
            {
                "id": "10",
                "url": "https://assets.myntassets.com/dpr_2,q_60,w_210,c_limit,fl_progressive/assets/images/10269523/2019/8/6/a2a1c8c1-9a83-4ec6-92cf-90b47e4c523a1565096297928-DOROTHY-PERKINS-Women-Tops-5401565096296321-1.jpg",
                "name": "Product 10",
                "basePrice": 99.99,
                "rating": 0,
                "size": "lg",
                "color": "red",
                "price": 27,
                "thumbnail": "10.jpg",
                "productType": "regular",
               "productUrl":"/product/prd-12",
                "description": "New Minerva LumaTech™ V-Tee"
            },
            {
                "id": "111",
                "url": "https://assets.myntassets.com/dpr_2,q_60,w_210,c_limit,fl_progressive/assets/images/11007200/2020/1/10/22ade46b-6554-4fe7-995e-1760e97a512c1578652872804-Mast--Harbour-Women-Tops-4801578652871315-1.jpg",
                "name": "Product 1",
                "basePrice": 99.99,
                "rating": 1,
                "size": "sm",
                "color": "red",
                "price": 35,
                "thumbnail": "1.jpg",
                "productType": "New",
               "productUrl":"/product/prd-12",
                "description": "Minerva LumaTech™ V-Tee"
            },
            {
                "id": "12",
                "url": "https://assets.myntassets.com/dpr_2,q_60,w_210,c_limit,fl_progressive/assets/images/5617727/2018/5/3/11525347102821-na-2741525347102612-1.jpg",
                "name": "Product 2",
                "basePrice": 99.99,
                "rating": 2,
                "size": "md",
                "color": "green",
                "price": 20,
                "thumbnail": "2.jpg",
                "productType": "New",
               "productUrl":"/product/prd-12",
                "description": "Minerva LumaTech™ V-Tee"
            },
            {
                "id": "13",
                "url": "https://assets.myntassets.com/dpr_2,q_60,w_210,c_limit,fl_progressive/assets/images/10238649/2019/8/13/095df2c2-edc8-4bf0-b931-ff8a15525d3d1565679141394-plusS-Women-Tops-9651565679139988-1.jpg",
                "name": "Product 3",
                "basePrice": 99.99,
                "rating": 3,
                "size": "xl",
                "color": "blue",
                "price": 25,
                "thumbnail": "3.jpg",
                "productType": "New",
               "productUrl":"/product/prd-12",
                "description": "Minerva LumaTech™ V-Tee"
            },
            {
                "id": "14",
                "url": "https://assets.myntassets.com/dpr_2,q_60,w_210,c_limit,fl_progressive/assets/images/productimage/2019/6/18/89e446fe-13d9-47d1-9e12-6b6cc5e76a831560853063297-1.jpg",
                "name": "Product 4",
                "basePrice": 99.99,
                "rating": 4,
                "size": "md",
                "color": "green",
                "price": 20,
                "thumbnail": "4.jpg",
                "productType": "regular",
               "productUrl":"/product/prd-12",
                "description": "New Minerva LumaTech™ V-Tee"
            },
            {
                "id": "17",
                "url": "https://assets.myntassets.com/dpr_2,q_60,w_210,c_limit,fl_progressive/assets/images/7211000/2018/8/23/f5e2a503-fd7f-4ae1-9232-b087e1999add1535008687470-na-6071535008687249-1.jpg",
                "name": "Product 7",
                "basePrice": 99.99,
                "rating": 2,
                "size": "md",
                "color": "green",
                "price": 20,
                "thumbnail": "7.jpg",
                "productType": "regular",
               "productUrl":"/product/prd-12",
                "description": "New Minerva LumaTech™ V-Tee"
            },
            {
                "id": "18",
                "url": "https://assets.myntassets.com/dpr_2,q_60,w_210,c_limit,fl_progressive/assets/images/10689646/2019/12/31/a0cc59ff-7eff-4d3a-b433-daa1fee2dee01577773692744-Park-Avenue-Women-Blue-Printed-Top-8321577773691173-1.jpg",
                "name": "Product 8",
                "basePrice": 99.99,
                "rating": 3,
                "size": "sm",
                "color": "blue",
                "price": 33,
                "thumbnail": "8.jpg",
                "productType": "regular",
               "productUrl":"/product/prd-12",
                "description": "New Minerva LumaTech™ V-Tee"
            },
            {
                "id": "19",
                "url": "https://assets.myntassets.com/dpr_2,q_60,w_210,c_limit,fl_progressive/assets/images/11002022/2020/2/7/177f13e4-f72c-453f-b49f-2ff07ca4830f1581047327297-DressBerry-Women-Tops-6771581047325196-1.jpg",
                "name": "Product 9",
                "basePrice": 99.99,
                "rating": 4,
                "size": "xl",
                "color": "pink",
                "price": 38,
                "thumbnail": "9.jpg",
                "productType": "regular",
               "productUrl":"/product/prd-12",
                "description": "New Minerva LumaTech™ V-Tee"
            }
        ]
    },
    "filters": [
        {
            "filterName":"Color",
            "filterComponentType": "roundedButtons",
            "filterOptions": [
                {
                    "name": "Red",
                    "code": "red",
                    "matches": 24,
                    "facettype": "color",
                    "selected": true
                },
                {
                    "name": "Green",
                    "code": "green",
                    "matches": 10,
                    "facettype": "color",
                    "selected": false
                },
                {
                    "name": "Blue",
                    "code": "blue",
                    "matches": 34,
                    "facettype": "color",
                    "selected": false
                },
                {
                    "name": "Pink",
                    "code": "pink",
                    "matches": 11,
                    "facettype": "color",
                    "selected": false
                }
            ]
        },
        {
            "filterName":"Size",
            "filterComponentType": "checkBoxes",
            "filterOptions":[
            {
                "name": "Extra Small",
                "code": "xs",
                "matches": 12,
                "facettype": "size",
                "selected": false
            },
            {
                "name": "Small",
                "code": "sm",
                "matches": 20,
                "facettype": "size",
                "selected": true
            },
            {
                "name": "Medium",
                "code": "md",
                "matches": 30,
                "facettype": "size",
                "selected": false
            },
            {
                "name": "Large",
                "code": "lg",
                "matches": 50,
                "facettype": "size",
                "selected": false
            },
            {
                "name": "X-Large",
                "code": "xl",
                "matches": 9,
                "facettype": "size",
                "selected": false
            },
            {
                "name": "XX-Large",
                "code": "xxl",
                "matches": 5,
                "facettype": "size",
                "selected": false
            }
            ]
        },
        {
            "filterName":"Price",
            "filterComponentType": "reactangleBoxes",
            "filterOptions":[
                {
                    "name": "LessThanFifty",
                    "code": "< $50",
                    "min": 0,
                    "max": 50,
                    "matches": 20,
                    "facettype": "price",
                    "selected": false
                },
                {
                    "name": "FiftyToHundred",
                    "code": "$50 - $100",
                    "min": 50,
                    "max": 100,
                    "matches": 5,
                    "facettype": "price",
                    "selected": true
                },
                {
                    "name": "Large",
                    "code": "$100 - $150",
                    "min": 100,
                    "max": 150,
                    "matches": 10,
                    "facettype": "price",
                    "selected": false
                },
                {
                    "name": "GreaterThanOneFifty",
                    "code": " > $150",
                    "min": 150,
                    "max": null,
                    "matches": 9,
                    "facettype": "price",
                    "selected": false
                }
            ]
        },
        {
            "filterName":"Age Group",
            "filterComponentType": "reactangleBoxes",
            "filterOptions":[
                {
                    "name": "Kids",
                    "code": "Kids",
                    "min": 0,
                    "max": 50,
                    "matches": 20,
                    "facettype": "ageGroup",
                    "selected": false
                },
                {
                    "name": "Boys",
                    "code": "Boys",
                    "min": 50,
                    "max": 100,
                    "matches": 5,
                    "facettype": "ageGroup",
                    "selected": false
                },
                {
                    "name": "Girls",
                    "code": "Girls",
                    "min": 100,
                    "max": 150,
                    "matches": 10,
                    "facettype": "ageGroup",
                    "selected": false
                },
                {
                    "name": "Women",
                    "code": "Women",
                    "min": 150,
                    "max": null,
                    "matches": 9,
                    "facettype": "ageGroup",
                    "selected": true
                },
                {
                    "name": "Men",
                    "code": "Men",
                    "min": 150,
                    "max": null,
                    "matches": 9,
                    "facettype": "ageGroup",
                    "selected": false
                }
            ]
        }
    ],
    "metadata": {
        "sortOptions": [
                {
                    "name": "Price - Low to High",
                    "code": "price_asc"
                },
                {
                    "name": "Price - High to Low",
                    "code": "price_desc"
                },
                {
                    "name": "By Most Popular",
                    "code": "pop"
                }
            ],
        "pagination": {
            "currentPageNo": "1",
            "totalRecords": "200",
            "pageSize": "30"
        },
        "breadcrumbs": [
            {
                "active": false,
                "link": "/search",
                "linkName": "All"
            },
            {
                "active": false,
                "link": "/search/womens",
                "linkName": "Women"
            },
            {
                "active": false,
                "link": "/search",
                "linkName": "Tops"
            }
        ]
    },
    "message": {
        "error-message": "Someting went wrong.",
        "success-message": "400 Items found."
    }
}