{
    "title": "Nona Fitness Tank",
    "page": "Product",
    "breadcrumbs": [
        {
            "active": false,
            "link": "/",
            "linkName": "All"
        },
        {
            "active": false,
            "link": "/woman",
            "linkName": "Woman"
        },
        {
            "active": false,
            "link": "/tops",
            "linkName": "Tops"
        },
        {
            "active": true,
            "link": "/productName",
            "linkName": "Nona Fitness Tank"
        }
    ],
    "product": {
        "id": "1",
        "url": "/p/1?c=2&s=2",
        "name": "Nona Fitness Tank",
        "brandName": "Nike",
        "basePrice": 99.99,
        "salePrice": 74.25,
        "ratingOpt": {
            "rating": 4.4,
            "reviewCount": 209,
            "reviewComment":  "14 out of 17 (82%) reviewers recommend this product"
        },
        "availableAccordions": ["Product Details", "Sizing", "Shipping & Returns", "Related Information"],
        "description": "This is the product description. Vivamus accumsan non felis eu condimentum. Class aptent taciti sociosqu ad litora torquent per conubia nostra, per inceptos himenaeos. Mauris sodales tincidunt mi vel lacinia. Cras ultricies magna eu viverra interdum. Sed dapibus lectus eu purus scelerisque cursus. Fusce faucibus feugiat elit sed posuere. Phasellus ac diam enim.",
        "specs": "\n      Nunc eu sem imperdiet, ultricies arcu nec, placerat libero. Nullam ut eros non est mattis hendrerit.\n In pretium commodo rhoncus. In convallis, dolor at eleifend rhoncus, ipsum neque bibendum est.\n Morbi condimentum magna mi, ac ullamcorper massa fermentum in.\n      In hac habitasse platea dictumst. Ut eget dolor nec erat dapibus egestas at nec nulla. In porta nibh ut felis condimentum, eu consequat lorem lobortis. Sed consectetur sodales blandit.\n      ",
        "swatchImages": [
            {
                "name": "Red",
                "code": "red",
                "facettype": "color"
            },
            {
                "name": "Green",
                "code": "green",
                "facettype": "color"
            },
            {
                "name": "Blue",
                "code": "blue",
                "facettype": "color"
            }
        ],
        "sizes": [
            {
                "code": "XS",
                "name": "XS",
                "disabled": false,
                "price": 99.99
            },
            {
                "code": "S",
                "name": "S",
                "disabled": true,
                "price": 99.99
            },
            {
                "code": "M",
                "name": "M",
                "disabled": false,
                "price": 99.99
            },
            {
                "code": "L",
                "name": "L",
                "disabled": true,
                "price": 109.99
            },
            {
                "code": "XL",
                "name": "XL",
                "disabled": true,
                "price": 109.99
            }
        ],
        "images": {
            "options": [
                {
                    "name": "Red",
                    "code": "red",
                    "image": "https://assets.myntassets.com/dpr_2,q_60,w_210,c_limit,fl_progressive/assets/images/11002022/2020/2/7/177f13e4-f72c-453f-b49f-2ff07ca4830f1581047327297-DressBerry-Women-Tops-6771581047325196-1.jpg",
                    "productSlides": [
                        {
                            "source": "https://assets.myntassets.com/dpr_2,q_60,w_210,c_limit,fl_progressive/assets/images/11002022/2020/2/7/177f13e4-f72c-453f-b49f-2ff07ca4830f1581047327297-DressBerry-Women-Tops-6771581047325196-1.jpg"
                        },
                        {
                            "source": "https://assets.myntassets.com/dpr_2,q_60,w_210,c_limit,fl_progressive/assets/images/11306852/2020/2/3/97b85c73-2f0b-4000-884f-b1b7860a19e11580725524233-Moda-Rapido-Women-Red-Printed-Top-831580725522837-1.jpg"
                        },
                        {
                            "source": "https://assets.myntassets.com/dpr_2,q_60,w_210,c_limit,fl_progressive/assets/images/1694606/2016/12/20/11482216827596-Pannkh-Women-Tops-1191482216827411-1.jpg"
                        },
                        {
                            "source": "https://assets.myntassets.com/dpr_2,q_60,w_210,c_limit,fl_progressive/assets/images/11007200/2020/1/10/22ade46b-6554-4fe7-995e-1760e97a512c1578652872804-Mast--Harbour-Women-Tops-4801578652871315-1.jpg"
                        }
                    ]
                },
                {
                    "name": "Green",
                    "code": "green",
                    "image": "https://assets.myntassets.com/dpr_2,q_60,w_210,c_limit,fl_progressive/assets/images/10237909/2019/7/25/deead2a1-b0fc-480b-8897-86cc96002cf41564038625708-Style-Quotient-Women-Green-Solid-A-Line-Top-8161564038624176-1.jpg",
                    "productSlides": [
                        {
                            "source": "https://assets.myntassets.com/dpr_2,q_60,w_210,c_limit,fl_progressive/assets/images/10237909/2019/7/25/deead2a1-b0fc-480b-8897-86cc96002cf41564038625708-Style-Quotient-Women-Green-Solid-A-Line-Top-8161564038624176-1.jpg"
                        },
                        {
                            "source": "https://assets.myntassets.com/dpr_2,q_60,w_210,c_limit,fl_progressive/assets/images/5617727/2018/5/3/11525347102821-na-2741525347102612-1.jpg"
                        },
                        {
                            "source": "https://assets.myntassets.com/dpr_2,q_60,w_210,c_limit,fl_progressive/assets/images/productimage/2019/6/18/89e446fe-13d9-47d1-9e12-6b6cc5e76a831560853063297-1.jpg"
                        },
                        {
                            "source": "https://assets.myntassets.com/dpr_2,q_60,w_210,c_limit,fl_progressive/assets/images/7211000/2018/8/23/f5e2a503-fd7f-4ae1-9232-b087e1999add1535008687470-na-6071535008687249-1.jpg"
                        }
                    ]
                },
                {
                    "name": "Blue",
                    "code": "blue",
                    "image": "https://via.placeholder.com/350/388E3C/388E3C",
                    "productSlides": [
                        {
                            "source": "https://assets.myntassets.com/dpr_2,q_60,w_210,c_limit,fl_progressive/assets/images/10238649/2019/8/13/095df2c2-edc8-4bf0-b931-ff8a15525d3d1565679141394-plusS-Women-Tops-9651565679139988-1.jpg"
                        }
                    ]
                }
            ],
            "selected": {
                "name": "Red",
                "id": "red",
                "image": "https://assets.myntassets.com/dpr_2,q_60,w_210,c_limit,fl_progressive/assets/images/11002022/2020/2/7/177f13e4-f72c-453f-b49f-2ff07ca4830f1581047327297-DressBerry-Women-Tops-6771581047325196-1.jpg",
                "productSlides": [
                    {
                        "source": "https://assets.myntassets.com/dpr_2,q_60,w_210,c_limit,fl_progressive/assets/images/11002022/2020/2/7/177f13e4-f72c-453f-b49f-2ff07ca4830f1581047327297-DressBerry-Women-Tops-6771581047325196-1.jpg"
                    },
                    {
                        "source": "https://assets.myntassets.com/dpr_2,q_60,w_210,c_limit,fl_progressive/assets/images/11306852/2020/2/3/97b85c73-2f0b-4000-884f-b1b7860a19e11580725524233-Moda-Rapido-Women-Red-Printed-Top-831580725522837-1.jpg"
                    },
                    {
                        "source": "https://assets.myntassets.com/dpr_2,q_60,w_210,c_limit,fl_progressive/assets/images/1694606/2016/12/20/11482216827596-Pannkh-Women-Tops-1191482216827411-1.jpg"
                    },
                    {
                        "source": "https://assets.myntassets.com/dpr_2,q_60,w_210,c_limit,fl_progressive/assets/images/11007200/2020/1/10/22ade46b-6554-4fe7-995e-1760e97a512c1578652872804-Mast--Harbour-Women-Tops-4801578652871315-1.jpg"
                    }
                ]
            }
        }
    },
    "styleItYourWay": [
        {
            "id": "1",
            "url": "https://assets.myntassets.com/dpr_2,q_60,w_210,c_limit,fl_progressive/assets/images/11007200/2020/1/10/22ade46b-6554-4fe7-995e-1760e97a512c1578652872804-Mast--Harbour-Women-Tops-4801578652871315-1.jpg",
            "name": "Product 1",
            "basePrice": 99.99,
            "rating": 1,
            "size": "sm",
            "color": "red",
            "price": "35",
            "thumbnail": "1.jpg",
            "productType": "New"
        },
        {
            "id": "2",
            "url": "https://assets.myntassets.com/dpr_2,q_60,w_210,c_limit,fl_progressive/assets/images/5617727/2018/5/3/11525347102821-na-2741525347102612-1.jpg",
            "name": "Product 2",
            "basePrice": 99.99,
            "rating": 2,
            "size": "md",
            "color": "green",
            "price": "20",
            "thumbnail": "2.jpg",
            "productType": "New"
        },
        {
            "id": "3",
            "url": "https://assets.myntassets.com/dpr_2,q_60,w_210,c_limit,fl_progressive/assets/images/10238649/2019/8/13/095df2c2-edc8-4bf0-b931-ff8a15525d3d1565679141394-plusS-Women-Tops-9651565679139988-1.jpg",
            "name": "Product 3",
            "basePrice": 99.99,
            "rating": 3,
            "size": "xl",
            "color": "blue",
            "price": "25",
            "thumbnail": "3.jpg",
            "productType": "New"
        },
        {
            "id": "4",
            "url": "https://assets.myntassets.com/dpr_2,q_60,w_210,c_limit,fl_progressive/assets/images/productimage/2019/6/18/89e446fe-13d9-47d1-9e12-6b6cc5e76a831560853063297-1.jpg",
            "name": "Product 4",
            "basePrice": 99.99,
            "rating": 4,
            "size": "md",
            "color": "green",
            "price": "20",
            "thumbnail": "4.jpg",
            "productType": "regular"
        },
        {
            "id": "5",
            "url": "https://assets.myntassets.com/dpr_2,q_60,w_210,c_limit,fl_progressive/assets/images/7211000/2018/8/23/f5e2a503-fd7f-4ae1-9232-b087e1999add1535008687470-na-6071535008687249-1.jpg",
            "name": "Product 5",
            "basePrice": 99.99,
            "rating": 0,
            "size": "xl",
            "color": "red",
            "price": "35",
            "thumbnail": "5.jpg",
            "productType": "regular"
        }
    ],
    "similarProducts": [
        {
            "id": "1",
            "url": "https://assets.myntassets.com/dpr_2,q_60,w_210,c_limit,fl_progressive/assets/images/11002022/2020/2/7/177f13e4-f72c-453f-b49f-2ff07ca4830f1581047327297-DressBerry-Women-Tops-6771581047325196-1.jpg",
            "name": "Product 1",
            "basePrice": 99.99,
            "rating": 1,
            "size": "sm",
            "color": "red",
            "price": "35",
            "thumbnail": "1.jpg",
            "productType": "New",
            "description": "Product 1: Women's Apt. 9® Essential High-Low Tunic"
        },
        {
            "id": "2",
            "url": "https://assets.myntassets.com/dpr_2,q_60,w_210,c_limit,fl_progressive/assets/images/11306852/2020/2/3/97b85c73-2f0b-4000-884f-b1b7860a19e11580725524233-Moda-Rapido-Women-Red-Printed-Top-831580725522837-1.jpg",
            "name": "Product 2",
            "basePrice": 99.99,
            "rating": 2,
            "size": "md",
            "color": "green",
            "price": "20",
            "thumbnail": "2.jpg",
            "productType": "New",
            "description": "Product 2: Women's Apt. 9® Essential High-Low Tunic"
        },
        {
            "id": "3",
            "url": "https://assets.myntassets.com/dpr_2,q_60,w_210,c_limit,fl_progressive/assets/images/1694606/2016/12/20/11482216827596-Pannkh-Women-Tops-1191482216827411-1.jpg",
            "name": "Product 3",
            "basePrice": 99.99,
            "rating": 3,
            "size": "xl",
            "color": "blue",
            "price": "25",
            "thumbnail": "3.jpg",
            "productType": "New",
            "description": "Product 3: Women's Apt. 9® Essential High-Low Tunic"
        },
        {
            "id": "4",
            "url": "https://assets.myntassets.com/dpr_2,q_60,w_210,c_limit,fl_progressive/assets/images/10237909/2019/7/25/deead2a1-b0fc-480b-8897-86cc96002cf41564038625708-Style-Quotient-Women-Green-Solid-A-Line-Top-8161564038624176-1.jpg",
            "name": "Product 4",
            "basePrice": 99.99,
            "rating": 4,
            "size": "md",
            "color": "green",
            "price": "20",
            "thumbnail": "4.jpg",
            "productType": "regular",
            "description": "Product 4: Women's Apt. 9® Essential High-Low Tunic"
        },
        {
            "id": "5",
            "url": "https://assets.myntassets.com/dpr_2,q_60,w_210,c_limit,fl_progressive/assets/images/8384591/2019/1/16/859c2564-fa94-4d93-a1fc-28efbbd11fb61547620058989-The-Pink-Moon-Women-Tops-4141547620057676-1.jpg",
            "name": "Product 5",
            "basePrice": 99.99,
            "rating": 0,
            "size": "xl",
            "color": "red",
            "price": "35",
            "thumbnail": "5.jpg",
            "productType": "regular",
            "description": "Product 5: Women's Apt. 9® Essential High-Low Tunic"
        },
        {
            "id": "6",
            "url": "https://assets.myntassets.com/dpr_2,q_60,w_210,c_limit,fl_progressive/assets/images/1484736/2016/8/23/11471948120944-The-Vanca-Women-Tops-5881471948120739-1.jpg",
            "name": "Product 6",
            "basePrice": 99.99,
            "rating": 1,
            "size": "sm",
            "color": "pink",
            "price": "30",
            "thumbnail": "6.jpg",
            "productType": "regular",
            "description": "Product 6: Women's Apt. 9® Essential High-Low Tunic"
        },
        {
            "id": "7",
            "url": "https://assets.myntassets.com/dpr_2,q_60,w_210,c_limit,fl_progressive/assets/images/10874206/2019/11/15/0ad040f0-6018-4b66-8ad6-c3037ce52f511573811326501-AND-Women-Tops-6471573811323717-1.jpg",
            "name": "Product 7",
            "basePrice": 99.99,
            "rating": 2,
            "size": "md",
            "color": "green",
            "price": "20",
            "thumbnail": "7.jpg",
            "productType": "regular",
            "description": "Product 7: Women's Apt. 9® Essential High-Low Tunic"
        },
        {
            "id": "8",
            "url": "https://assets.myntassets.com/dpr_2,q_60,w_210,c_limit,fl_progressive/assets/images/2239539/2017/11/23/11511427665619-pink-woman-Women-Pink-Solid-Tank-Top-431511427665490-1.jpg",
            "name": "Product 8",
            "basePrice": 99.99,
            "rating": 3,
            "size": "sm",
            "color": "blue",
            "price": "33",
            "thumbnail": "8.jpg",
            "productType": "regular",
            "description": "Product 8: Women's Apt. 9® Essential High-Low Tunic"
        }
    ],
    "LikeProducts": [
        {
            "id": "1",
            "url": "https://assets.myntassets.com/dpr_2,q_60,w_210,c_limit,fl_progressive/assets/images/10269523/2019/8/6/a2a1c8c1-9a83-4ec6-92cf-90b47e4c523a1565096297928-DOROTHY-PERKINS-Women-Tops-5401565096296321-1.jpg",
            "name": "Product 1",
            "basePrice": 99.99,
            "rating": 1,
            "size": "sm",
            "color": "red",
            "price": "35",
            "thumbnail": "1.jpg",
            "productType": "New",
            "description":"Product 1: Women's SONOMA Goods for Life® Essential Crewneck Tee"
        },
        {
            "id": "2",
            "url": "https://assets.myntassets.com/dpr_2,q_60,w_210,c_limit,fl_progressive/assets/images/11007200/2020/1/10/22ade46b-6554-4fe7-995e-1760e97a512c1578652872804-Mast--Harbour-Women-Tops-4801578652871315-1.jpg",
            "name": "Product 2",
            "basePrice": 99.99,
            "rating": 2,
            "size": "md",
            "color": "green",
            "price": "20",
            "thumbnail": "2.jpg",
            "productType": "New",
            "description":"Product 2: Women's SONOMA Goods for Life® Essential Crewneck Tee"
        },
        {
            "id": "3",
            "url": "https://assets.myntassets.com/dpr_2,q_60,w_210,c_limit,fl_progressive/assets/images/5617727/2018/5/3/11525347102821-na-2741525347102612-1.jpg",
            "name": "Product 3",
            "basePrice": 99.99,
            "rating": 3,
            "size": "xl",
            "color": "blue",
            "price": "25",
            "thumbnail": "3.jpg",
            "productType": "New",
            "description":"Product 3: Women's SONOMA Goods for Life® Essential Crewneck Tee"
        },
        {
            "id": "4",
            "url": "https://assets.myntassets.com/dpr_2,q_60,w_210,c_limit,fl_progressive/assets/images/10238649/2019/8/13/095df2c2-edc8-4bf0-b931-ff8a15525d3d1565679141394-plusS-Women-Tops-9651565679139988-1.jpg",
            "name": "Product 4",
            "basePrice": 99.99,
            "rating": 4,
            "size": "md",
            "color": "green",
            "price": "20",
            "thumbnail": "4.jpg",
            "productType": "regular",
            "description":"Product 4: Women's SONOMA Goods for Life® Essential Crewneck Tee"
        },
        {
            "id": "5",
            "url": "https://assets.myntassets.com/dpr_2,q_60,w_210,c_limit,fl_progressive/assets/images/productimage/2019/6/18/89e446fe-13d9-47d1-9e12-6b6cc5e76a831560853063297-1.jpg",
            "name": "Product 5",
            "basePrice": 99.99,
            "rating": 0,
            "size": "xl",
            "color": "red",
            "price": "35",
            "thumbnail": "5.jpg",
            "productType": "regular",
            "description":"Product 5: Women's SONOMA Goods for Life® Essential Crewneck Tee"
        },
        {
            "id": "6",
            "url": "https://assets.myntassets.com/dpr_2,q_60,w_210,c_limit,fl_progressive/assets/images/7211000/2018/8/23/f5e2a503-fd7f-4ae1-9232-b087e1999add1535008687470-na-6071535008687249-1.jpg",
            "name": "Product 6",
            "basePrice": 99.99,
            "rating": 1,
            "size": "sm",
            "color": "pink",
            "price": "30",
            "thumbnail": "6.jpg",
            "productType": "regular",
            "description":"Product 6: Women's SONOMA Goods for Life® Essential Crewneck Tee"
        },
        {
            "id": "7",
            "url": "https://assets.myntassets.com/dpr_2,q_60,w_210,c_limit,fl_progressive/assets/images/10689646/2019/12/31/a0cc59ff-7eff-4d3a-b433-daa1fee2dee01577773692744-Park-Avenue-Women-Blue-Printed-Top-8321577773691173-1.jpg",
            "name": "Product 7",
            "basePrice": 99.99,
            "rating": 2,
            "size": "md",
            "color": "green",
            "price": "20",
            "thumbnail": "7.jpg",
            "productType": "regular",
            "description":"Product 7: Women's SONOMA Goods for Life® Essential Crewneck Tee"
        },
        {
            "id": "8",
            "url": "https://assets.myntassets.com/dpr_2,q_60,w_210,c_limit,fl_progressive/assets/images/11002022/2020/2/7/177f13e4-f72c-453f-b49f-2ff07ca4830f1581047327297-DressBerry-Women-Tops-6771581047325196-1.jpg",
            "name": "Product 8",
            "basePrice": 99.99,
            "rating": 3,
            "size": "sm",
            "color": "blue",
            "price": "33",
            "thumbnail": "8.jpg",
            "productType": "regular",
            "description":"Product 8: Women's SONOMA Goods for Life® Essential Crewneck Tee"
        }
    ]
}