{
  "product": {
      "productCode": "483399",
      "productUrl": "/images/products/7.jpg",
      "title": "Girls 4-12 SONOMA Goods for Life™ Zip Ankle Jeggings",
      "department": "Clothing",
      "category": "Bottoms",
      "brand": "SONOMA Goods for Life",
      "product": "Jeans",
      "breadcrumbs": [
        {
            "active": false,
            "link": "/",
            "linkName": "Clothing"
        },
        {
            "active": false,
            "link": "/Bottoms",
            "linkName": "Bottoms"
        },
        {
            "active": true,
            "link": "/productName",
            "linkName": "SONOMA Jeans"
        }
    ],
      "availableAccordions": [
          {
              "label": "Product Details",
              "details": "This is the product description. Vivamus accumsan non felis eu condimentum. Class aptent taciti sociosqu ad litora torquent per conubia nostra, per inceptos himenaeos. Mauris sodales tincidunt mi vel lacinia. Cras ultricies magna eu viverra interdum. Sed dapibus lectus eu purus scelerisque cursus. Fusce faucibus feugiat elit sed posuere. Phasellus ac diam enim."

          },{
              "label": "Sizing",
              "details": "This is Sizing Tab"
          },{
              "label":"Shipping & Returns",
              "details": "This is Shipping and return tab. See our full policy on shipping and return"
          },{
              "label": "Related Information",
              "details": "This is Related information tab. All the information about the related product will found here"
          }
      ],
      "productSkusList": [
          {
              "skuCode": "483399-2",
              "images": [
                  {
                      "url": "/images/products/7.jpg",
                      "height": "10",
                      "width": "50",
                      "altText": null,
                      "title": "Gspann"
                  },
                  {
                      "url": "/images/products/4.jpg",
                      "height": "10",
                      "width": "50",
                      "altText": null,
                      "title": "Gspann"
                  },
                  {
                      "url": "/images/products/2.jpg",
                      "height": "10",
                      "width": "50",
                      "altText": null,
                      "title": "Gspann"
                  }
              ],
              "availability": "in-stock",
              "color": "Blue",
              "size": "5",
              "gender": "Girls",
              "priceList": [
                  {
                      "regularPrice": 84,
                      "salePrice": 84,
                      "specialPrice": 84,
                      "specialPriceStartDate": null,
                      "specialPriceEndDate": null
                  }
              ],
              "createdOn": "Apr 20, 2020 05:28:39 AM",
              "modifiedOn": "Apr 20, 2020 05:28:39 AM",
              "giftWrappable": false,
              "storeAvailable": false
          },
          {
              "skuCode": "483399-8",
              "images": [
                  {
                      "url": "/images/products/7.jpg",
                      "height": "10",
                      "width": "50",
                      "altText": null,
                      "title": "Gspann"
                  },
                  {
                      "url": "/images/products/4.jpg",
                      "height": "10",
                      "width": "50",
                      "altText": null,
                      "title": "Gspann"
                  },
                  {
                      "url": "/images/products/2.jpg",
                      "height": "10",
                      "width": "50",
                      "altText": null,
                      "title": "Gspann"
                  }
              ],
              "availability": "in-stock",
              "color": "Blue",
              "size": "6X",
              "gender": "Girls",
              "priceList": [
                  {
                      "regularPrice": 84,
                      "salePrice": 84,
                      "specialPrice": 84,
                      "specialPriceStartDate": null,
                      "specialPriceEndDate": null
                  }
              ],
              "createdOn": "Apr 20, 2020 05:28:39 AM",
              "modifiedOn": "Apr 20, 2020 05:28:39 AM",
              "giftWrappable": false,
              "storeAvailable": false
          },
          {
              "skuCode": "483399-7",
              "images": [
                  {
                      "url": "/images/products/7.jpg",
                      "height": "10",
                      "width": "50",
                      "altText": null,
                      "title": "Gspann"
                  },
                  {
                      "url": "/images/products/4.jpg",
                      "height": "10",
                      "width": "50",
                      "altText": null,
                      "title": "Gspann"
                  },
                  {
                      "url": "/images/products/2.jpg",
                      "height": "10",
                      "width": "50",
                      "altText": null,
                      "title": "Gspann"
                  }
              ],
              "availability": "in-stock",
              "color": "Blue",
              "size": "12",
              "gender": "Girls",
              "priceList": [
                  {
                      "regularPrice": 84,
                      "salePrice": 84,
                      "specialPrice": 84,
                      "specialPriceStartDate": null,
                      "specialPriceEndDate": null
                  }
              ],
              "createdOn": "Apr 20, 2020 05:28:39 AM",
              "modifiedOn": "Apr 20, 2020 05:28:39 AM",
              "giftWrappable": false,
              "storeAvailable": false
          },
          {
              "skuCode": "483399-4",
              "images": [
                  {
                      "url": "/images/products/7.jpg",
                      "height": "10",
                      "width": "50",
                      "altText": null,
                      "title": "Gspann"
                  },
                  {
                      "url": "/images/products/4.jpg",
                      "height": "10",
                      "width": "50",
                      "altText": null,
                      "title": "Gspann"
                  },
                  {
                      "url": "/images/products/2.jpg",
                      "height": "10",
                      "width": "50",
                      "altText": null,
                      "title": "Gspann"
                  }
              ],
              "availability": "in-stock",
              "color": "Blue",
              "size": "7",
              "gender": "Girls",
              "priceList": [
                  {
                      "regularPrice": 84,
                      "salePrice": 84,
                      "specialPrice": 84,
                      "specialPriceStartDate": null,
                      "specialPriceEndDate": null
                  }
              ],
              "createdOn": "Apr 20, 2020 05:28:39 AM",
              "modifiedOn": "Apr 20, 2020 05:28:39 AM",
              "giftWrappable": false,
              "storeAvailable": false
          },
          {
              "skuCode": "483399-6",
              "images": [
                  {
                      "url": "/images/products/7.jpg",
                      "height": "10",
                      "width": "50",
                      "altText": null,
                      "title": "Gspann"
                  },
                  {
                      "url": "/images/products/4.jpg",
                      "height": "10",
                      "width": "50",
                      "altText": null,
                      "title": "Gspann"
                  },
                  {
                      "url": "/images/products/2.jpg",
                      "height": "10",
                      "width": "50",
                      "altText": null,
                      "title": "Gspann"
                  }
              ],
              "availability": "in-stock",
              "color": "Blue",
              "size": "10",
              "gender": "Girls",
              "priceList": [
                  {
                      "regularPrice": 84,
                      "salePrice": 84,
                      "specialPrice": 84,
                      "specialPriceStartDate": null,
                      "specialPriceEndDate": null
                  }
              ],
              "createdOn": "Apr 20, 2020 05:28:39 AM",
              "modifiedOn": "Apr 20, 2020 05:28:39 AM",
              "giftWrappable": false,
              "storeAvailable": false
          },
          {
              "skuCode": "483399-1",
              "images": [
                  {
                      "url": "/images/products/7.jpg",
                      "height": "10",
                      "width": "50",
                      "altText": null,
                      "title": "Gspann"
                  },
                  {
                      "url": "/images/products/4.jpg",
                      "height": "10",
                      "width": "50",
                      "altText": null,
                      "title": "Gspann"
                  },
                  {
                      "url": "/images/products/2.jpg",
                      "height": "10",
                      "width": "50",
                      "altText": null,
                      "title": "Gspann"
                  }
              ],
              "availability": "in-stock",
              "color": "Blue",
              "size": "4",
              "gender": "Girls",
              "priceList": [
                  {
                      "regularPrice": 84,
                      "salePrice": 84,
                      "specialPrice": 84,
                      "specialPriceStartDate": null,
                      "specialPriceEndDate": null
                  }
              ],
              "createdOn": "Apr 20, 2020 05:28:39 AM",
              "modifiedOn": "Apr 20, 2020 05:28:39 AM",
              "giftWrappable": false,
              "storeAvailable": false
          },
          {
              "skuCode": "483399-3",
              "images": [
                  {
                      "url": "/images/products/7.jpg",
                      "height": "10",
                      "width": "50",
                      "altText": null,
                      "title": "Gspann"
                  },
                  {
                      "url": "/images/products/4.jpg",
                      "height": "10",
                      "width": "50",
                      "altText": null,
                      "title": "Gspann"
                  },
                  {
                      "url": "/images/products/2.jpg",
                      "height": "10",
                      "width": "50",
                      "altText": null,
                      "title": "Gspann"
                  }
              ],
              "availability": "in-stock",
              "color": "Blue",
              "size": "6",
              "gender": "Girls",
              "priceList": [
                  {
                      "regularPrice": 84,
                      "salePrice": 84,
                      "specialPrice": 84,
                      "specialPriceStartDate": null,
                      "specialPriceEndDate": null
                  }
              ],
              "createdOn": "Apr 20, 2020 05:28:39 AM",
              "modifiedOn": "Apr 20, 2020 05:28:39 AM",
              "giftWrappable": false,
              "storeAvailable": false
          },
          {
              "skuCode": "483399-5",
              "images": [
                  {
                      "url": "/images/products/7.jpg",
                      "height": "10",
                      "width": "50",
                      "altText": null,
                      "title": "Gspann"
                  },
                  {
                      "url": "/images/products/4.jpg",
                      "height": "10",
                      "width": "50",
                      "altText": null,
                      "title": "Gspann"
                  },
                  {
                      "url": "/images/products/2.jpg",
                      "height": "10",
                      "width": "50",
                      "altText": null,
                      "title": "Gspann"
                  }
              ],
              "availability": "in-stock",
              "color": "Blue",
              "size": "8",
              "gender": "Girls",
              "priceList": [
                  {
                      "regularPrice": 84,
                      "salePrice": 84,
                      "specialPrice": 84,
                      "specialPriceStartDate": null,
                      "specialPriceEndDate": null
                  }
              ],
              "createdOn": "Apr 20, 2020 05:28:39 AM",
              "modifiedOn": "Apr 20, 2020 05:28:39 AM",
              "giftWrappable": false,
              "storeAvailable": false
          }
      ],
      "availableVariants": {
        "colors": [
          {
              "name": "Red",
              "code": "red",
              "facettype": "color"
          },
          {
              "name": "Green",
              "code": "green",
              "facettype": "color"
          },
          {
              "name": "Blue",
              "code": "blue",
              "facettype": "color"
          }
        ],
        "sizes":[
          {
              "code": "XS",
              "name": "XS",
              "disabled": false
          },
          {
              "code": "S",
              "name": "S",
              "disabled": true
          },
          {
              "code": "M",
              "name": "M",
              "disabled": false
          },
          {
              "code": "L",
              "name": "L",
              "disabled": true
          },
          {
              "code": "XL",
              "name": "XL",
              "disabled": true
          }
      ],
      },
      "latestProduct": 0,
      "bestSellerProduct": 0,
      "featuredProduct": 0,
      "images": null,
      "price": null,
      "colors": null
  },
  "status": {
      "code": "200 OK",
      "message": "success"
  }
}   