{
  "staticContent" : {
    "NewArrival": "सब कुछ नया",
    "GetInspired": "प्रेरित हुआ",
    "preFooterText": "न्यूज़लेटर की सदस्यता लें और 10% की छूट प्राप्त करें",
    "preFooterButton": "सदस्यता लें",
    "productsCountText": "सारे उत्पाद",
    "filterText": "फ़िल्टर",
    "removeFilterText": "फ़िल्टर साफ़ करें",
    "colorFilterText": "रंग",
    "sizeFilterText": "आकार",
    "priceFilterText": "कीमत",
    "applyFilterButton": "लागू",
    "sortByLabel": "इसके अनुसार क्रमबद्ध करें::",
    "noProductsFoundMessage": "कोई उत्पाद नहीं मिला!कृपया अपने खोज मापदंड बदलें और पुनः प्रयास करें। अगर फिर भी कुछ नहीं मिल रहा है प्रासंगिक, कृपया होम पेज पर जाएं और हमारे कुछ बेस्टसेलर की कोशिश करें!",
    "featured": "विशेष रुप से प्रदर्शित प्रोडक्टस",
    "currenySign": "₹",
    "cartItemRemoveLabel": "हटाना",
    "cartSaveforLetter": "सहेजें",
    "cartItemLabel": "आपकी गाड़ी",
    "headerMenuLabel": "दुकान से दुकान",
    "headerMenuWidth": "250px",
    "subTitle": "मुख्य मेनू में वापस जाएं",
    "logoImgSrc": "/images/gspannLogo.svg",
    "logoAltText": "GSPANN लोगो",
    "logoHeightDesktop": "35px",
    "logoHeightMobile": "30px",
    "sale": "बिक्री",
    "original": "मूल",
    "addToCart": "कार्ट में डालें",
    "quantity": "मात्रा",
    "addToFavorite": "पसंदीदा लिस्ट मे डालें",
    "AddToCompare": "तुलना करने के लिए जोड़ें",
    "styleItYourWay": "इसे अपने तरीके से स्टाइल करें",
    "alsoViewdText": "जिन लोगों ने इसे देखा, उन्होंने भी देखा",
    "inspiredByYourRecentlyViewed": "हाल ही में आपके द्वारा देखे गए से प्रेरित"
  }
}
